c5.12xlarge	CG	C	1	ERRORPOW
c5.12xlarge	CG	C	2	ERRORPOW
c5.12xlarge	CG	C	4	ERRORPOW
c5.12xlarge	CG	C	8	ERRORPOW
c5.12xlarge	CG	C	16	ERRORPOW
c5.12xlarge	CG	C	32	DONOTEXIST
c5.12xlarge	CG	D	1	ERRORPOW
c5.12xlarge	CG	D	2	ERRORPOW
c5.12xlarge	CG	D	4	ERRORPOW
c5.12xlarge	CG	D	8	ERRORPOW
c5.12xlarge	CG	D	16	ERRORPOW
c5.12xlarge	CG	D	32	DONOTEXIST
c5.12xlarge	CG	E	1	ERRORPOW
c5.12xlarge	CG	E	2	ERRORPOW
c5.12xlarge	CG	E	4	ERRORPOW
c5.12xlarge	CG	E	8	ERRORPOW
c5.12xlarge	CG	E	16	ERRORPOW
c5.12xlarge	CG	E	32	DONOTEXIST
c5.12xlarge	MG	C	1	DONOTEXIST
c5.12xlarge	MG	C	2	0.158227
c5.12xlarge	MG	C	4	0.0857064
c5.12xlarge	MG	C	8	0.0487258
c5.12xlarge	MG	C	16	0.0299066
c5.12xlarge	MG	C	32	DONOTEXIST
c5.12xlarge	MG	D	1	2.18981
c5.12xlarge	MG	D	2	1.49429
c5.12xlarge	MG	D	4	0.818732
c5.12xlarge	MG	D	8	0.424145
c5.12xlarge	MG	D	16	0.181481
c5.12xlarge	MG	D	32	DONOTEXIST
c5.12xlarge	MG	E	1	ERRORSEG
c5.12xlarge	MG	E	2	ERRORMEM
c5.12xlarge	MG	E	4	6.15133
c5.12xlarge	MG	E	8	3.34527
c5.12xlarge	MG	E	16	1.59672
c5.12xlarge	MG	E	32	DONOTEXIST
c5.12xlarge	EP	C	1	0.00331
c5.12xlarge	EP	C	2	0.0033182
c5.12xlarge	EP	C	4	0.0035942
c5.12xlarge	EP	C	8	0.0040058
c5.12xlarge	EP	C	16	0.0031516
c5.12xlarge	EP	C	32	DONOTEXIST
c5.12xlarge	EP	D	1	0.0033376
c5.12xlarge	EP	D	2	0.0034274
c5.12xlarge	EP	D	4	0.0036976
c5.12xlarge	EP	D	8	0.004027
c5.12xlarge	EP	D	16	0.003893
c5.12xlarge	EP	D	32	DONOTEXIST
c5.12xlarge	EP	E	1	0.0034384
c5.12xlarge	EP	E	2	0.0037778
c5.12xlarge	EP	E	4	0.0039796
c5.12xlarge	EP	E	8	0.0036482
c5.12xlarge	EP	E	16	0.0042482
c5.12xlarge	EP	E	32	DONOTEXIST
c5.12xlarge	IS	C	1	DONOTEXIST
c5.12xlarge	IS	C	2	ERRORPOW
c5.12xlarge	IS	C	4	ERRORPOW
c5.12xlarge	IS	C	8	ERRORPOW
c5.12xlarge	IS	C	16	ERRORPOW
c5.12xlarge	IS	C	32	DONOTEXIST
c5.12xlarge	IS	D	1	ERRORPOW
c5.12xlarge	IS	D	2	ERRORPOW
c5.12xlarge	IS	D	4	ERRORPOW
c5.12xlarge	IS	D	8	ERRORPOW
c5.12xlarge	IS	D	16	ERRORPOW
c5.12xlarge	IS	D	32	DONOTEXIST
c5.12xlarge	IS	E	1	ERRORPOW
c5.12xlarge	IS	E	2	ERRORPOW
c5.12xlarge	IS	E	4	ERRORPOW
c5.12xlarge	IS	E	8	ERRORPOW
c5.12xlarge	IS	E	16	ERRORPOW
c5.12xlarge	IS	E	32	DONOTEXIST
c5.12xlarge	FT	C	1	0.678301
c5.12xlarge	FT	C	2	ERRORNET
c5.12xlarge	FT	C	4	ERRORNET
c5.12xlarge	FT	C	8	ERRORNET
c5.12xlarge	FT	C	16	ERRORNET
c5.12xlarge	FT	C	32	DONOTEXIST
c5.12xlarge	FT	D	1	ERRORMEM
c5.12xlarge	FT	D	2	11.3579
c5.12xlarge	FT	D	4	8.26411
c5.12xlarge	FT	D	8	ERRORNET
c5.12xlarge	FT	D	16	ERRORNET
c5.12xlarge	FT	D	32	DONOTEXIST
c5.12xlarge	FT	E	1	ERRORMEM
c5.12xlarge	FT	E	2	ERRORMEM
c5.12xlarge	FT	E	4	ERRORMEM
c5.12xlarge	FT	E	8	ERRORMEM
c5.12xlarge	FT	E	16	28.1702
c5.12xlarge	FT	E	32	DONOTEXIST
c5.18xlarge	CG	C	1	ERRORPOW
c5.18xlarge	CG	C	2	ERRORPOW
c5.18xlarge	CG	C	4	ERRORPOW
c5.18xlarge	CG	C	8	ERRORPOW
c5.18xlarge	CG	C	16	ERRORPOW
c5.18xlarge	CG	C	32	DONOTEXIST
c5.18xlarge	CG	D	1	ERRORPOW
c5.18xlarge	CG	D	2	ERRORPOW
c5.18xlarge	CG	D	4	ERRORPOW
c5.18xlarge	CG	D	8	ERRORPOW
c5.18xlarge	CG	D	16	ERRORPOW
c5.18xlarge	CG	D	32	DONOTEXIST
c5.18xlarge	CG	E	1	ERRORPOW
c5.18xlarge	CG	E	2	ERRORPOW
c5.18xlarge	CG	E	4	ERRORPOW
c5.18xlarge	CG	E	8	ERRORPOW
c5.18xlarge	CG	E	16	ERRORPOW
c5.18xlarge	CG	E	32	DONOTEXIST
c5.18xlarge	MG	C	1	0.136568
c5.18xlarge	MG	C	2	0.0771318
c5.18xlarge	MG	C	4	0.0455658
c5.18xlarge	MG	C	8	0.0302736
c5.18xlarge	MG	C	16	0.0224482
c5.18xlarge	MG	C	32	DONOTEXIST
c5.18xlarge	MG	D	1	1.22052
c5.18xlarge	MG	D	2	0.712083
c5.18xlarge	MG	D	4	0.359801
c5.18xlarge	MG	D	8	0.21815
c5.18xlarge	MG	D	16	0.112595
c5.18xlarge	MG	D	32	DONOTEXIST
c5.18xlarge	MG	E	1	ERRORMEM
c5.18xlarge	MG	E	2	5.43794
c5.18xlarge	MG	E	4	2.95893
c5.18xlarge	MG	E	8	1.40945
c5.18xlarge	MG	E	16	ERRORNET
c5.18xlarge	MG	E	32	DONOTEXIST
c5.18xlarge	EP	C	1	0.0034742
c5.18xlarge	EP	C	2	0.0036452
c5.18xlarge	EP	C	4	0.0048485
c5.18xlarge	EP	C	8	0.0034994
c5.18xlarge	EP	C	16	0.003909
c5.18xlarge	EP	C	32	DONOTEXIST
c5.18xlarge	EP	D	1	0.00352425
c5.18xlarge	EP	D	2	0.004061
c5.18xlarge	EP	D	4	0.004099
c5.18xlarge	EP	D	8	0.0036372
c5.18xlarge	EP	D	16	0.0035018
c5.18xlarge	EP	D	32	DONOTEXIST
c5.18xlarge	EP	E	1	0.003423
c5.18xlarge	EP	E	2	0.0035636
c5.18xlarge	EP	E	4	0.0035434
c5.18xlarge	EP	E	8	0.003883
c5.18xlarge	EP	E	16	0.0043712
c5.18xlarge	EP	E	32	DONOTEXIST
c5.18xlarge	IS	C	1	ERRORPOW
c5.18xlarge	IS	C	2	ERRORPOW
c5.18xlarge	IS	C	4	ERRORPOW
c5.18xlarge	IS	C	8	ERRORPOW
c5.18xlarge	IS	C	16	ERRORPOW
c5.18xlarge	IS	C	32	DONOTEXIST
c5.18xlarge	IS	D	1	ERRORPOW
c5.18xlarge	IS	D	2	ERRORPOW
c5.18xlarge	IS	D	4	ERRORPOW
c5.18xlarge	IS	D	8	ERRORPOW
c5.18xlarge	IS	D	16	ERRORPOW
c5.18xlarge	IS	D	32	DONOTEXIST
c5.18xlarge	IS	E	1	ERRORPOW
c5.18xlarge	IS	E	2	ERRORPOW
c5.18xlarge	IS	E	4	ERRORPOW
c5.18xlarge	IS	E	8	ERRORPOW
c5.18xlarge	IS	E	16	ERRORPOW
c5.18xlarge	IS	E	32	DONOTEXIST
c5.18xlarge	FT	C	1	0.350716
c5.18xlarge	FT	C	2	ERRORNET
c5.18xlarge	FT	C	4	ERRORNET
c5.18xlarge	FT	C	8	ERRORNET
c5.18xlarge	FT	C	16	ERRORSEG
c5.18xlarge	FT	C	32	DONOTEXIST
c5.18xlarge	FT	D	1	8.71491
c5.18xlarge	FT	D	2	6.74012
c5.18xlarge	FT	D	4	ERRORNET
c5.18xlarge	FT	D	8	ERRORNET
c5.18xlarge	FT	D	16	ERRORNET
c5.18xlarge	FT	D	32	DONOTEXIST
c5.18xlarge	FT	E	1	ERRORMEM
c5.18xlarge	FT	E	2	ERRORMEM
c5.18xlarge	FT	E	4	ERRORMEM
c5.18xlarge	FT	E	8	30.5808
c5.18xlarge	FT	E	16	ERRORNET
c5.18xlarge	FT	E	32	DONOTEXIST
c5.24xlarge	CG	C	1	ERRORPOW
c5.24xlarge	CG	C	2	ERRORPOW
c5.24xlarge	CG	C	4	ERRORPOW
c5.24xlarge	CG	C	8	DONOTEXIST
c5.24xlarge	CG	C	16	DONOTEXIST
c5.24xlarge	CG	C	32	DONOTEXIST
c5.24xlarge	CG	D	1	ERRORPOW
c5.24xlarge	CG	D	2	ERRORPOW
c5.24xlarge	CG	D	4	ERRORPOW
c5.24xlarge	CG	D	8	DONOTEXIST
c5.24xlarge	CG	D	16	DONOTEXIST
c5.24xlarge	CG	D	32	DONOTEXIST
c5.24xlarge	CG	E	1	ERRORPOW
c5.24xlarge	CG	E	2	ERRORPOW
c5.24xlarge	CG	E	4	ERRORPOW
c5.24xlarge	CG	E	8	DONOTEXIST
c5.24xlarge	CG	E	16	DONOTEXIST
c5.24xlarge	CG	E	32	DONOTEXIST
c5.24xlarge	MG	C	1	0.123724
c5.24xlarge	MG	C	2	0.0850666
c5.24xlarge	MG	C	4	0.0454458
c5.24xlarge	MG	C	8	DONOTEXIST
c5.24xlarge	MG	C	16	DONOTEXIST
c5.24xlarge	MG	C	32	DONOTEXIST
c5.24xlarge	MG	D	1	1.09552
c5.24xlarge	MG	D	2	0.817545
c5.24xlarge	MG	D	4	0.448604
c5.24xlarge	MG	D	8	DONOTEXIST
c5.24xlarge	MG	D	16	DONOTEXIST
c5.24xlarge	MG	D	32	DONOTEXIST
c5.24xlarge	MG	E	1	ERRORMEM
c5.24xlarge	MG	E	2	6.26912
c5.24xlarge	MG	E	4	3.3707
c5.24xlarge	MG	E	8	DONOTEXIST
c5.24xlarge	MG	E	16	DONOTEXIST
c5.24xlarge	MG	E	32	DONOTEXIST
c5.24xlarge	EP	C	1	0.0032982
c5.24xlarge	EP	C	2	0.0034448
c5.24xlarge	EP	C	4	0.0031998
c5.24xlarge	EP	C	8	DONOTEXIST
c5.24xlarge	EP	C	16	DONOTEXIST
c5.24xlarge	EP	C	32	DONOTEXIST
c5.24xlarge	EP	D	1	0.0032225
c5.24xlarge	EP	D	2	0.003625
c5.24xlarge	EP	D	4	0.0036376
c5.24xlarge	EP	D	8	DONOTEXIST
c5.24xlarge	EP	D	16	DONOTEXIST
c5.24xlarge	EP	D	32	DONOTEXIST
c5.24xlarge	EP	E	1	0.0034636
c5.24xlarge	EP	E	2	0.0032804
c5.24xlarge	EP	E	4	0.0031218
c5.24xlarge	EP	E	8	DONOTEXIST
c5.24xlarge	EP	E	16	DONOTEXIST
c5.24xlarge	EP	E	32	DONOTEXIST
c5.24xlarge	IS	C	1	ERRORPOW
c5.24xlarge	IS	C	2	ERRORPOW
c5.24xlarge	IS	C	4	ERRORPOW
c5.24xlarge	IS	C	8	DONOTEXIST
c5.24xlarge	IS	C	16	DONOTEXIST
c5.24xlarge	IS	C	32	DONOTEXIST
c5.24xlarge	IS	D	1	ERRORPOW
c5.24xlarge	IS	D	2	ERRORPOW
c5.24xlarge	IS	D	4	ERRORPOW
c5.24xlarge	IS	D	8	DONOTEXIST
c5.24xlarge	IS	D	16	DONOTEXIST
c5.24xlarge	IS	D	32	DONOTEXIST
c5.24xlarge	IS	E	1	ERRORPOW
c5.24xlarge	IS	E	2	ERRORPOW
c5.24xlarge	IS	E	4	ERRORPOW
c5.24xlarge	IS	E	8	DONOTEXIST
c5.24xlarge	IS	E	16	DONOTEXIST
c5.24xlarge	IS	E	32	DONOTEXIST
c5.24xlarge	FT	C	1	0.345046
c5.24xlarge	FT	C	2	ERRORNET
c5.24xlarge	FT	C	4	ERRORNET
c5.24xlarge	FT	C	8	DONOTEXIST
c5.24xlarge	FT	C	16	DONOTEXIST
c5.24xlarge	FT	C	32	DONOTEXIST
c5.24xlarge	FT	D	1	8.14514
c5.24xlarge	FT	D	2	ERRORNET
c5.24xlarge	FT	D	4	ERRORNET
c5.24xlarge	FT	D	8	DONOTEXIST
c5.24xlarge	FT	D	16	DONOTEXIST
c5.24xlarge	FT	D	32	DONOTEXIST
c5.24xlarge	FT	E	1	ERRORMEM
c5.24xlarge	FT	E	2	ERRORMEM
c5.24xlarge	FT	E	4	ERRORMEM
c5.24xlarge	FT	E	8	DONOTEXIST
c5.24xlarge	FT	E	16	DONOTEXIST
c5.24xlarge	FT	E	32	DONOTEXIST
c5.2xlarge	CG	C	1	0.342868
c5.2xlarge	CG	C	2	0.207612
c5.2xlarge	CG	C	4	0.125641
c5.2xlarge	CG	C	8	0.070702
c5.2xlarge	CG	C	16	0.06109
c5.2xlarge	CG	C	32	0.0595438
c5.2xlarge	CG	D	1	ERRORMEM
c5.2xlarge	CG	D	2	14.0346
c5.2xlarge	CG	D	4	5.54125
c5.2xlarge	CG	D	8	2.92618
c5.2xlarge	CG	D	16	1.43465
c5.2xlarge	CG	D	32	0.95981
c5.2xlarge	CG	E	1	ERRORMEM
c5.2xlarge	CG	E	2	ERRORMEM
c5.2xlarge	CG	E	4	ERRORMEM
c5.2xlarge	CG	E	8	ERRORMEM
c5.2xlarge	CG	E	16	25.3514
c5.2xlarge	CG	E	32	13.8782
c5.2xlarge	MG	C	1	0.47317
c5.2xlarge	MG	C	2	0.260515
c5.2xlarge	MG	C	4	0.160621
c5.2xlarge	MG	C	8	0.0720294
c5.2xlarge	MG	C	16	0.044062
c5.2xlarge	MG	C	32	0.0281114
c5.2xlarge	MG	D	1	ERRORMEM
c5.2xlarge	MG	D	2	2.25938
c5.2xlarge	MG	D	4	1.42889
c5.2xlarge	MG	D	8	0.557437
c5.2xlarge	MG	D	16	0.316874
c5.2xlarge	MG	D	32	0.215483
c5.2xlarge	MG	E	1	ERRORSEG
c5.2xlarge	MG	E	2	ERRORSEG
c5.2xlarge	MG	E	4	ERRORSEG
c5.2xlarge	MG	E	8	ERRORMEM
c5.2xlarge	MG	E	16	2.69357
c5.2xlarge	MG	E	32	ERRORNET
c5.2xlarge	EP	C	1	0.0033636
c5.2xlarge	EP	C	2	0.0034472
c5.2xlarge	EP	C	4	0.0035138
c5.2xlarge	EP	C	8	0.0035656
c5.2xlarge	EP	C	16	0.0034888
c5.2xlarge	EP	C	32	0.004101
c5.2xlarge	EP	D	1	0.003421
c5.2xlarge	EP	D	2	0.0034322
c5.2xlarge	EP	D	4	0.0034902
c5.2xlarge	EP	D	8	0.003493
c5.2xlarge	EP	D	16	0.00358
c5.2xlarge	EP	D	32	0.0037292
c5.2xlarge	EP	E	1	0.0034404
c5.2xlarge	EP	E	2	0.0034464
c5.2xlarge	EP	E	4	0.0033536
c5.2xlarge	EP	E	8	0.0034728
c5.2xlarge	EP	E	16	0.0034402
c5.2xlarge	EP	E	32	0.0035416
c5.2xlarge	IS	C	1	0.221718
c5.2xlarge	IS	C	2	0.208762
c5.2xlarge	IS	C	4	0.129306
c5.2xlarge	IS	C	8	0.0741495
c5.2xlarge	IS	C	16	0.051241
c5.2xlarge	IS	C	32	0.073833
c5.2xlarge	IS	D	1	ERRORMEM
c5.2xlarge	IS	D	2	3.96039
c5.2xlarge	IS	D	4	2.63405
c5.2xlarge	IS	D	8	1.55373
c5.2xlarge	IS	D	16	0.862813
c5.2xlarge	IS	D	32	0.546152
c5.2xlarge	IS	E	1	ERRORNUM
c5.2xlarge	IS	E	2	ERRORNUM
c5.2xlarge	IS	E	4	ERRORNUM
c5.2xlarge	IS	E	8	ERRORMEM
c5.2xlarge	IS	E	16	ERRORMEM
c5.2xlarge	IS	E	32	8.43905
c5.2xlarge	FT	C	1	2.02347
c5.2xlarge	FT	C	2	1.38313
c5.2xlarge	FT	C	4	0.80492
c5.2xlarge	FT	C	8	0.428352
c5.2xlarge	FT	C	16	0.223993
c5.2xlarge	FT	C	32	ERRORNET
c5.2xlarge	FT	D	1	ERRORMEM
c5.2xlarge	FT	D	2	ERRORMEM
c5.2xlarge	FT	D	4	ERRORMEM
c5.2xlarge	FT	D	8	ERRORNET
c5.2xlarge	FT	D	16	ERRORNET
c5.2xlarge	FT	D	32	ERRORNET
c5.2xlarge	FT	E	1	ERRORSEG
c5.2xlarge	FT	E	2	ERRORMEM
c5.2xlarge	FT	E	4	ERRORMEM
c5.2xlarge	FT	E	8	ERRORMEM
c5.2xlarge	FT	E	16	ERRORMEM
c5.2xlarge	FT	E	32	ERRORMEM
c5.4xlarge	CG	C	1	0.183313
c5.4xlarge	CG	C	2	0.126905
c5.4xlarge	CG	C	4	0.0935852
c5.4xlarge	CG	C	8	0.0507626
c5.4xlarge	CG	C	16	0.0455606
c5.4xlarge	CG	C	32	DONOTEXIST
c5.4xlarge	CG	D	1	18.2685
c5.4xlarge	CG	D	2	6.21282
c5.4xlarge	CG	D	4	3.46911
c5.4xlarge	CG	D	8	1.50108
c5.4xlarge	CG	D	16	0.992183
c5.4xlarge	CG	D	32	DONOTEXIST
c5.4xlarge	CG	E	1	ERRORMEM
c5.4xlarge	CG	E	2	ERRORMEM
c5.4xlarge	CG	E	4	ERRORMEM
c5.4xlarge	CG	E	8	29.9867
c5.4xlarge	CG	E	16	17.3884
c5.4xlarge	CG	E	32	DONOTEXIST
c5.4xlarge	MG	C	1	0.348765
c5.4xlarge	MG	C	2	0.181877
c5.4xlarge	MG	C	4	0.087617
c5.4xlarge	MG	C	8	0.0577588
c5.4xlarge	MG	C	16	0.0314688
c5.4xlarge	MG	C	32	DONOTEXIST
c5.4xlarge	MG	D	1	2.59431
c5.4xlarge	MG	D	2	1.51698
c5.4xlarge	MG	D	4	0.72546
c5.4xlarge	MG	D	8	0.462733
c5.4xlarge	MG	D	16	0.224938
c5.4xlarge	MG	D	32	DONOTEXIST
c5.4xlarge	MG	E	1	ERRORSEG
c5.4xlarge	MG	E	2	ERRORSEG
c5.4xlarge	MG	E	4	ERRORMEM
c5.4xlarge	MG	E	8	3.20596
c5.4xlarge	MG	E	16	1.72662
c5.4xlarge	MG	E	32	DONOTEXIST
c5.4xlarge	EP	C	1	0.0035194
c5.4xlarge	EP	C	2	0.003565
c5.4xlarge	EP	C	4	0.0035456
c5.4xlarge	EP	C	8	0.0034618
c5.4xlarge	EP	C	16	0.0034476
c5.4xlarge	EP	C	32	DONOTEXIST
c5.4xlarge	EP	D	1	0.0034968
c5.4xlarge	EP	D	2	0.0035074
c5.4xlarge	EP	D	4	0.0033856
c5.4xlarge	EP	D	8	0.0035588
c5.4xlarge	EP	D	16	0.0035038
c5.4xlarge	EP	D	32	DONOTEXIST
c5.4xlarge	EP	E	1	0.003388
c5.4xlarge	EP	E	2	0.003514
c5.4xlarge	EP	E	4	0.0034984
c5.4xlarge	EP	E	8	0.0034962
c5.4xlarge	EP	E	16	0.0035768
c5.4xlarge	EP	E	32	DONOTEXIST
c5.4xlarge	IS	C	1	0.12344
c5.4xlarge	IS	C	2	0.156569
c5.4xlarge	IS	C	4	0.108895
c5.4xlarge	IS	C	8	0.06493
c5.4xlarge	IS	C	16	0.0687912
c5.4xlarge	IS	C	32	DONOTEXIST
c5.4xlarge	IS	D	1	2.3487
c5.4xlarge	IS	D	2	3.07567
c5.4xlarge	IS	D	4	2.08935
c5.4xlarge	IS	D	8	1.20171
c5.4xlarge	IS	D	16	0.706783
c5.4xlarge	IS	D	32	DONOTEXIST
c5.4xlarge	IS	E	1	ERRORNUM
c5.4xlarge	IS	E	2	ERRORNUM
c5.4xlarge	IS	E	4	ERRORMEM
c5.4xlarge	IS	E	8	ERRORMEM
c5.4xlarge	IS	E	16	12.5367
c5.4xlarge	IS	E	32	DONOTEXIST
c5.4xlarge	FT	C	1	1.08618
c5.4xlarge	FT	C	2	0.921694
c5.4xlarge	FT	C	4	0.565757
c5.4xlarge	FT	C	8	0.31693
c5.4xlarge	FT	C	16	0.234361
c5.4xlarge	FT	C	32	DONOTEXIST
c5.4xlarge	FT	D	1	ERRORMEM
c5.4xlarge	FT	D	2	ERRORMEM
c5.4xlarge	FT	D	4	10.2229
c5.4xlarge	FT	D	8	5.72549
c5.4xlarge	FT	D	16	3.00601
c5.4xlarge	FT	D	32	DONOTEXIST
c5.4xlarge	FT	E	1	ERRORMEM
c5.4xlarge	FT	E	2	ERRORMEM
c5.4xlarge	FT	E	4	ERRORMEM
c5.4xlarge	FT	E	8	ERRORMEM
c5.4xlarge	FT	E	16	ERRORMEM
c5.4xlarge	FT	E	32	DONOTEXIST
c5.9xlarge	CG	C	1	ERRORPOW
c5.9xlarge	CG	C	2	ERRORPOW
c5.9xlarge	CG	C	4	ERRORPOW
c5.9xlarge	CG	C	8	ERRORPOW
c5.9xlarge	CG	C	16	ERRORPOW
c5.9xlarge	CG	C	32	DONOTEXIST
c5.9xlarge	CG	D	1	ERRORPOW
c5.9xlarge	CG	D	2	ERRORPOW
c5.9xlarge	CG	D	4	ERRORPOW
c5.9xlarge	CG	D	8	ERRORPOW
c5.9xlarge	CG	D	16	ERRORPOW
c5.9xlarge	CG	D	32	DONOTEXIST
c5.9xlarge	CG	E	1	ERRORPOW
c5.9xlarge	CG	E	2	ERRORPOW
c5.9xlarge	CG	E	4	ERRORPOW
c5.9xlarge	CG	E	8	ERRORPOW
c5.9xlarge	CG	E	16	ERRORPOW
c5.9xlarge	CG	E	32	DONOTEXIST
c5.9xlarge	MG	C	1	0.31084
c5.9xlarge	MG	C	2	0.14561
c5.9xlarge	MG	C	4	0.0815678
c5.9xlarge	MG	C	8	0.049376
c5.9xlarge	MG	C	16	0.0334334
c5.9xlarge	MG	C	32	DONOTEXIST
c5.9xlarge	MG	D	1	2.39834
c5.9xlarge	MG	D	2	1.30007
c5.9xlarge	MG	D	4	0.707661
c5.9xlarge	MG	D	8	0.371538
c5.9xlarge	MG	D	16	0.355473
c5.9xlarge	MG	D	32	DONOTEXIST
c5.9xlarge	MG	E	1	ERRORSEG
c5.9xlarge	MG	E	2	ERRORMEM
c5.9xlarge	MG	E	4	5.38611
c5.9xlarge	MG	E	8	2.908
c5.9xlarge	MG	E	16	1.3684
c5.9xlarge	MG	E	32	DONOTEXIST
c5.9xlarge	EP	C	1	0.0034416
c5.9xlarge	EP	C	2	0.0034156
c5.9xlarge	EP	C	4	0.0035426
c5.9xlarge	EP	C	8	0.003671
c5.9xlarge	EP	C	16	0.0034546
c5.9xlarge	EP	C	32	DONOTEXIST
c5.9xlarge	EP	D	1	0.003424
c5.9xlarge	EP	D	2	0.00347775
c5.9xlarge	EP	D	4	0.0037094
c5.9xlarge	EP	D	8	0.0039718
c5.9xlarge	EP	D	16	0.0039364
c5.9xlarge	EP	D	32	DONOTEXIST
c5.9xlarge	EP	E	1	0.0035146
c5.9xlarge	EP	E	2	0.0037696
c5.9xlarge	EP	E	4	0.0037094
c5.9xlarge	EP	E	8	0.00407
c5.9xlarge	EP	E	16	0.0039094
c5.9xlarge	EP	E	32	DONOTEXIST
c5.9xlarge	IS	C	1	ERRORPOW
c5.9xlarge	IS	C	2	ERRORPOW
c5.9xlarge	IS	C	4	ERRORPOW
c5.9xlarge	IS	C	8	ERRORPOW
c5.9xlarge	IS	C	16	ERRORPOW
c5.9xlarge	IS	C	32	DONOTEXIST
c5.9xlarge	IS	D	1	ERRORPOW
c5.9xlarge	IS	D	2	ERRORPOW
c5.9xlarge	IS	D	4	ERRORPOW
c5.9xlarge	IS	D	8	ERRORPOW
c5.9xlarge	IS	D	16	ERRORPOW
c5.9xlarge	IS	D	32	DONOTEXIST
c5.9xlarge	IS	E	1	ERRORPOW
c5.9xlarge	IS	E	2	ERRORPOW
c5.9xlarge	IS	E	4	ERRORPOW
c5.9xlarge	IS	E	8	ERRORPOW
c5.9xlarge	IS	E	16	ERRORPOW
c5.9xlarge	IS	E	32	DONOTEXIST
c5.9xlarge	FT	C	1	0.678487
c5.9xlarge	FT	C	2	ERRORNET
c5.9xlarge	FT	C	4	ERRORNET
c5.9xlarge	FT	C	8	ERRORNET
c5.9xlarge	FT	C	16	ERRORNET
c5.9xlarge	FT	C	32	DONOTEXIST
c5.9xlarge	FT	D	1	ERRORMEM
c5.9xlarge	FT	D	2	13.2935
c5.9xlarge	FT	D	4	ERRORNET
c5.9xlarge	FT	D	8	ERRORNET
c5.9xlarge	FT	D	16	ERRORNET
c5.9xlarge	FT	D	32	DONOTEXIST
c5.9xlarge	FT	E	1	ERRORMEM
c5.9xlarge	FT	E	2	ERRORMEM
c5.9xlarge	FT	E	4	ERRORMEM
c5.9xlarge	FT	E	8	ERRORMEM
c5.9xlarge	FT	E	16	ERRORNET
c5.9xlarge	FT	E	32	DONOTEXIST
c5.large	CG	C	1	2.62895
c5.large	CG	C	2	1.39519
c5.large	CG	C	4	0.401153
c5.large	CG	C	8	0.254186
c5.large	CG	C	16	0.154905
c5.large	CG	C	32	0.121335
c5.large	CG	D	1	ERRORMEM
c5.large	CG	D	2	ERRORMEM
c5.large	CG	D	4	ERRORMEM
c5.large	CG	D	8	9.85848
c5.large	CG	D	16	4.84112
c5.large	CG	D	32	2.84949
c5.large	CG	E	1	ERROROVER
c5.large	CG	E	2	ERRORMEM
c5.large	CG	E	4	ERRORMEM
c5.large	CG	E	8	ERRORMEM
c5.large	CG	E	16	ERRORMEM
c5.large	CG	E	32	ERRORMEM
c5.large	MG	C	1	1.73012
c5.large	MG	C	2	0.883376
c5.large	MG	C	4	0.444171
c5.large	MG	C	8	0.236368
c5.large	MG	C	16	0.131043
c5.large	MG	C	32	0.0709508
c5.large	MG	D	1	ERRORMEM
c5.large	MG	D	2	ERRORSEG
c5.large	MG	D	4	ERRORMEM
c5.large	MG	D	8	2.23249
c5.large	MG	D	16	1.0032
c5.large	MG	D	32	0.444975
c5.large	MG	E	1	ERRORSEG
c5.large	MG	E	2	ERRORSEG
c5.large	MG	E	4	ERRORMEM
c5.large	MG	E	8	ERRORMEM
c5.large	MG	E	16	ERRORSEG
c5.large	MG	E	32	ERRORMEM
c5.large	EP	C	1	0.0035188
c5.large	EP	C	2	0.0035466
c5.large	EP	C	4	0.0034234
c5.large	EP	C	8	0.0035686
c5.large	EP	C	16	0.0034758
c5.large	EP	C	32	0.0033628
c5.large	EP	D	1	0.003334
c5.large	EP	D	2	0.0034438
c5.large	EP	D	4	0.003446
c5.large	EP	D	8	0.0036426
c5.large	EP	D	16	0.0033635
c5.large	EP	D	32	0.0039394
c5.large	EP	E	1	0.003346
c5.large	EP	E	2	0.0034536
c5.large	EP	E	4	0.0034518
c5.large	EP	E	8	0.0034794
c5.large	EP	E	16	0.0035464
c5.large	EP	E	32	0.003443
c5.large	IS	C	1	0.724193
c5.large	IS	C	2	0.60138
c5.large	IS	C	4	0.379574
c5.large	IS	C	8	0.184322
c5.large	IS	C	16	0.10525
c5.large	IS	C	32	0.073796
c5.large	IS	D	1	ERRORNUM
c5.large	IS	D	2	ERRORMEM
c5.large	IS	D	4	ERRORMEM
c5.large	IS	D	8	3.61547
c5.large	IS	D	16	2.08262
c5.large	IS	D	32	1.17944
c5.large	IS	E	1	ERRORNUM
c5.large	IS	E	2	ERRORNUM
c5.large	IS	E	4	ERRORNUM
c5.large	IS	E	8	ERRORNUM
c5.large	IS	E	16	ERRORNUM
c5.large	IS	E	32	ERRORMEM
c5.large	FT	C	1	ERRORMEM
c5.large	FT	C	2	ERRORMEM
c5.large	FT	C	4	2.68599
c5.large	FT	C	8	1.27214
c5.large	FT	C	16	0.658436
c5.large	FT	C	32	0.347479
c5.large	FT	D	1	ERRORMEM
c5.large	FT	D	2	ERRORMEM
c5.large	FT	D	4	ERRORMEM
c5.large	FT	D	8	ERRORMEM
c5.large	FT	D	16	ERRORMEM
c5.large	FT	D	32	ERRORMEM
c5.large	FT	E	1	ERRORSEG
c5.large	FT	E	2	ERRORSEG
c5.large	FT	E	4	ERRORSEG
c5.large	FT	E	8	ERRORMEM
c5.large	FT	E	16	ERRORMEM
c5.large	FT	E	32	ERRORMEM
c5n.18xlarge	CG	C	1	ERRORPOW
c5n.18xlarge	CG	C	2	ERRORPOW
c5n.18xlarge	CG	C	4	ERRORPOW
c5n.18xlarge	CG	C	8	ERRORPOW
c5n.18xlarge	CG	C	16	ERRORPOW
c5n.18xlarge	CG	C	32	DONOTEXIST
c5n.18xlarge	CG	D	1	ERRORPOW
c5n.18xlarge	CG	D	2	ERRORPOW
c5n.18xlarge	CG	D	4	ERRORPOW
c5n.18xlarge	CG	D	8	ERRORPOW
c5n.18xlarge	CG	D	16	ERRORPOW
c5n.18xlarge	CG	D	32	DONOTEXIST
c5n.18xlarge	CG	E	1	ERRORPOW
c5n.18xlarge	CG	E	2	ERRORPOW
c5n.18xlarge	CG	E	4	ERRORPOW
c5n.18xlarge	CG	E	8	ERRORPOW
c5n.18xlarge	CG	E	16	ERRORPOW
c5n.18xlarge	CG	E	32	DONOTEXIST
c5n.18xlarge	MG	C	1	0.127491
c5n.18xlarge	MG	C	2	0.0730078
c5n.18xlarge	MG	C	4	0.0409488
c5n.18xlarge	MG	C	8	0.0261812
c5n.18xlarge	MG	C	16	0.0705382
c5n.18xlarge	MG	C	32	DONOTEXIST
c5n.18xlarge	MG	D	1	1.2895
c5n.18xlarge	MG	D	2	0.685702
c5n.18xlarge	MG	D	4	0.356855
c5n.18xlarge	MG	D	8	0.151793
c5n.18xlarge	MG	D	16	0.0874996
c5n.18xlarge	MG	D	32	DONOTEXIST
c5n.18xlarge	MG	E	1	ERRORMEM
c5n.18xlarge	MG	E	2	5.1774
c5n.18xlarge	MG	E	4	2.84476
c5n.18xlarge	MG	E	8	1.35532
c5n.18xlarge	MG	E	16	0.765407
c5n.18xlarge	MG	E	32	DONOTEXIST
c5n.18xlarge	EP	C	1	0.003417
c5n.18xlarge	EP	C	2	0.00353
c5n.18xlarge	EP	C	4	0.0046126
c5n.18xlarge	EP	C	8	0.003528
c5n.18xlarge	EP	C	16	0.0033856
c5n.18xlarge	EP	C	32	DONOTEXIST
c5n.18xlarge	EP	D	1	0.0035692
c5n.18xlarge	EP	D	2	0.0036716
c5n.18xlarge	EP	D	4	0.004124
c5n.18xlarge	EP	D	8	0.0047536
c5n.18xlarge	EP	D	16	0.0043268
c5n.18xlarge	EP	D	32	DONOTEXIST
c5n.18xlarge	EP	E	1	0.004332
c5n.18xlarge	EP	E	2	0.0035118
c5n.18xlarge	EP	E	4	0.0041788
c5n.18xlarge	EP	E	8	0.0034246
c5n.18xlarge	EP	E	16	0.004371
c5n.18xlarge	EP	E	32	DONOTEXIST
c5n.18xlarge	IS	C	1	ERRORPOW
c5n.18xlarge	IS	C	2	ERRORPOW
c5n.18xlarge	IS	C	4	ERRORPOW
c5n.18xlarge	IS	C	8	ERRORPOW
c5n.18xlarge	IS	C	16	ERRORPOW
c5n.18xlarge	IS	C	32	DONOTEXIST
c5n.18xlarge	IS	D	1	ERRORPOW
c5n.18xlarge	IS	D	2	ERRORPOW
c5n.18xlarge	IS	D	4	ERRORPOW
c5n.18xlarge	IS	D	8	ERRORPOW
c5n.18xlarge	IS	D	16	ERRORPOW
c5n.18xlarge	IS	D	32	DONOTEXIST
c5n.18xlarge	IS	E	1	ERRORPOW
c5n.18xlarge	IS	E	2	ERRORPOW
c5n.18xlarge	IS	E	4	ERRORPOW
c5n.18xlarge	IS	E	8	ERRORPOW
c5n.18xlarge	IS	E	16	ERRORPOW
c5n.18xlarge	IS	E	32	DONOTEXIST
c5n.18xlarge	FT	C	1	0.334867
c5n.18xlarge	FT	C	2	ERRORNET
c5n.18xlarge	FT	C	4	ERRORNET
c5n.18xlarge	FT	C	8	ERRORNET
c5n.18xlarge	FT	C	16	DONOTEXIST
c5n.18xlarge	FT	C	32	DONOTEXIST
c5n.18xlarge	FT	D	1	8.61774
c5n.18xlarge	FT	D	2	5.14505
c5n.18xlarge	FT	D	4	ERRORNET
c5n.18xlarge	FT	D	8	ERRORNET
c5n.18xlarge	FT	D	16	ERRORNET
c5n.18xlarge	FT	D	32	DONOTEXIST
c5n.18xlarge	FT	E	1	ERRORMEM
c5n.18xlarge	FT	E	2	ERRORMEM
c5n.18xlarge	FT	E	4	ERRORMEM
c5n.18xlarge	FT	E	8	21.9461
c5n.18xlarge	FT	E	16	ERRORNET
c5n.18xlarge	FT	E	32	DONOTEXIST
c5n.2xlarge	CG	C	1	0.324774
c5n.2xlarge	CG	C	2	0.19693
c5n.2xlarge	CG	C	4	0.0982004
c5n.2xlarge	CG	C	8	0.0759402
c5n.2xlarge	CG	C	16	0.0693736
c5n.2xlarge	CG	C	32	0.09578
c5n.2xlarge	CG	D	1	26.401
c5n.2xlarge	CG	D	2	14.0257
c5n.2xlarge	CG	D	4	4.70568
c5n.2xlarge	CG	D	8	3.73283
c5n.2xlarge	CG	D	16	1.42059
c5n.2xlarge	CG	D	32	0.921291
c5n.2xlarge	CG	E	1	ERRORMEM
c5n.2xlarge	CG	E	2	ERRORMEM
c5n.2xlarge	CG	E	4	ERRORMEM
c5n.2xlarge	CG	E	8	ERRORMEM
c5n.2xlarge	CG	E	16	33.423
c5n.2xlarge	CG	E	32	17.9633
c5n.2xlarge	MG	C	1	0.448375
c5n.2xlarge	MG	C	2	0.244037
c5n.2xlarge	MG	C	4	0.132577
c5n.2xlarge	MG	C	8	0.0978982
c5n.2xlarge	MG	C	16	0.0770724
c5n.2xlarge	MG	C	32	0.0388458
c5n.2xlarge	MG	D	1	ERRORMEM
c5n.2xlarge	MG	D	2	2.13296
c5n.2xlarge	MG	D	4	1.16825
c5n.2xlarge	MG	D	8	0.859096
c5n.2xlarge	MG	D	16	0.605829
c5n.2xlarge	MG	D	32	0.315516
c5n.2xlarge	MG	E	1	ERRORSEG
c5n.2xlarge	MG	E	2	ERRORSEG
c5n.2xlarge	MG	E	4	ERRORSEG
c5n.2xlarge	MG	E	8	ERRORMEM
c5n.2xlarge	MG	E	16	4.48943
c5n.2xlarge	MG	E	32	2.43189
c5n.2xlarge	EP	C	1	0.0035146
c5n.2xlarge	EP	C	2	0.0033864
c5n.2xlarge	EP	C	4	0.0034884
c5n.2xlarge	EP	C	8	0.0035308
c5n.2xlarge	EP	C	16	0.0035774
c5n.2xlarge	EP	C	32	0.0035654
c5n.2xlarge	EP	D	1	0.0033924
c5n.2xlarge	EP	D	2	0.003462
c5n.2xlarge	EP	D	4	0.0035014
c5n.2xlarge	EP	D	8	0.0037366
c5n.2xlarge	EP	D	16	0.0035458
c5n.2xlarge	EP	D	32	0.0035734
c5n.2xlarge	EP	E	1	0.0035146
c5n.2xlarge	EP	E	2	0.0035264
c5n.2xlarge	EP	E	4	0.0034302
c5n.2xlarge	EP	E	8	0.0035306
c5n.2xlarge	EP	E	16	0.0035014
c5n.2xlarge	EP	E	32	0.0034866
c5n.2xlarge	IS	C	1	0.218728
c5n.2xlarge	IS	C	2	0.161593
c5n.2xlarge	IS	C	4	0.0950593
c5n.2xlarge	IS	C	8	0.0677642
c5n.2xlarge	IS	C	16	0.048955
c5n.2xlarge	IS	C	32	0.0660793
c5n.2xlarge	IS	D	1	ERRORMEM
c5n.2xlarge	IS	D	2	3.10771
c5n.2xlarge	IS	D	4	1.99385
c5n.2xlarge	IS	D	8	1.27068
c5n.2xlarge	IS	D	16	0.784181
c5n.2xlarge	IS	D	32	0.491399
c5n.2xlarge	IS	E	1	ERRORNUM
c5n.2xlarge	IS	E	2	ERRORNUM
c5n.2xlarge	IS	E	4	ERRORNUM
c5n.2xlarge	IS	E	8	ERRORMEM
c5n.2xlarge	IS	E	16	ERRORMEM
c5n.2xlarge	IS	E	32	10.5106
c5n.2xlarge	FT	C	1	1.9711
c5n.2xlarge	FT	C	2	1.17916
c5n.2xlarge	FT	C	4	0.641813
c5n.2xlarge	FT	C	8	0.388993
c5n.2xlarge	FT	C	16	ERRORNET
c5n.2xlarge	FT	C	32	0.261426
c5n.2xlarge	FT	D	1	ERRORMEM
c5n.2xlarge	FT	D	2	ERRORMEM
c5n.2xlarge	FT	D	4	ERRORMEM
c5n.2xlarge	FT	D	8	ERRORNET
c5n.2xlarge	FT	D	16	ERRORNET
c5n.2xlarge	FT	D	32	ERRORNET
c5n.2xlarge	FT	E	1	ERRORSEG
c5n.2xlarge	FT	E	2	ERRORMEM
c5n.2xlarge	FT	E	4	ERRORMEM
c5n.2xlarge	FT	E	8	ERRORMEM
c5n.2xlarge	FT	E	16	ERRORMEM
c5n.2xlarge	FT	E	32	ERRORMEM
c5n.4xlarge	CG	C	1	0.182124
c5n.4xlarge	CG	C	2	0.111122
c5n.4xlarge	CG	C	4	0.080012
c5n.4xlarge	CG	C	8	0.050422
c5n.4xlarge	CG	C	16	0.0443772
c5n.4xlarge	CG	C	32	DONOTEXIST
c5n.4xlarge	CG	D	1	17.9133
c5n.4xlarge	CG	D	2	7.11617
c5n.4xlarge	CG	D	4	3.75384
c5n.4xlarge	CG	D	8	1.48525
c5n.4xlarge	CG	D	16	0.997361
c5n.4xlarge	CG	D	32	DONOTEXIST
c5n.4xlarge	CG	E	1	ERRORMEM
c5n.4xlarge	CG	E	2	ERRORMEM
c5n.4xlarge	CG	E	4	ERRORMEM
c5n.4xlarge	CG	E	8	29.8533
c5n.4xlarge	CG	E	16	17.3297
c5n.4xlarge	CG	E	32	DONOTEXIST
c5n.4xlarge	MG	C	1	0.320773
c5n.4xlarge	MG	C	2	0.1835
c5n.4xlarge	MG	C	4	0.0842786
c5n.4xlarge	MG	C	8	0.0514426
c5n.4xlarge	MG	C	16	0.0331738
c5n.4xlarge	MG	C	32	DONOTEXIST
c5n.4xlarge	MG	D	1	2.60228
c5n.4xlarge	MG	D	2	1.61796
c5n.4xlarge	MG	D	4	0.753638
c5n.4xlarge	MG	D	8	0.410889
c5n.4xlarge	MG	D	16	0.227858
c5n.4xlarge	MG	D	32	DONOTEXIST
c5n.4xlarge	MG	E	1	ERRORSEG
c5n.4xlarge	MG	E	2	ERRORSEG
c5n.4xlarge	MG	E	4	ERRORMEM
c5n.4xlarge	MG	E	8	3.08015
c5n.4xlarge	MG	E	16	1.75209
c5n.4xlarge	MG	E	32	DONOTEXIST
c5n.4xlarge	EP	C	1	0.003364
c5n.4xlarge	EP	C	2	0.003549
c5n.4xlarge	EP	C	4	0.0035222
c5n.4xlarge	EP	C	8	0.0034748
c5n.4xlarge	EP	C	16	0.003606
c5n.4xlarge	EP	C	32	DONOTEXIST
c5n.4xlarge	EP	D	1	0.0035342
c5n.4xlarge	EP	D	2	0.0036032
c5n.4xlarge	EP	D	4	0.003594
c5n.4xlarge	EP	D	8	0.003511
c5n.4xlarge	EP	D	16	0.0039246
c5n.4xlarge	EP	D	32	DONOTEXIST
c5n.4xlarge	EP	E	1	0.003378
c5n.4xlarge	EP	E	2	0.0034674
c5n.4xlarge	EP	E	4	0.0035942
c5n.4xlarge	EP	E	8	0.0035148
c5n.4xlarge	EP	E	16	ERRORNET
c5n.4xlarge	EP	E	32	DONOTEXIST
c5n.4xlarge	IS	C	1	0.118144
c5n.4xlarge	IS	C	2	0.16185
c5n.4xlarge	IS	C	4	0.108132
c5n.4xlarge	IS	C	8	0.0655452
c5n.4xlarge	IS	C	16	0.156858
c5n.4xlarge	IS	C	32	DONOTEXIST
c5n.4xlarge	IS	D	1	2.37386
c5n.4xlarge	IS	D	2	3.10139
c5n.4xlarge	IS	D	4	2.1033
c5n.4xlarge	IS	D	8	1.2176
c5n.4xlarge	IS	D	16	0.887235
c5n.4xlarge	IS	D	32	DONOTEXIST
c5n.4xlarge	IS	E	1	ERRORNUM
c5n.4xlarge	IS	E	2	ERRORNUM
c5n.4xlarge	IS	E	4	ERRORMEM
c5n.4xlarge	IS	E	8	ERRORMEM
c5n.4xlarge	IS	E	16	12.4783
c5n.4xlarge	IS	E	32	DONOTEXIST
c5n.4xlarge	FT	C	1	1.04513
c5n.4xlarge	FT	C	2	1.22042
c5n.4xlarge	FT	C	4	0.610109
c5n.4xlarge	FT	C	8	ERRORNET
c5n.4xlarge	FT	C	16	0.469466
c5n.4xlarge	FT	C	32	DONOTEXIST
c5n.4xlarge	FT	D	1	ERRORMEM
c5n.4xlarge	FT	D	2	ERRORMEM
c5n.4xlarge	FT	D	4	10.6149
c5n.4xlarge	FT	D	8	5.73852
c5n.4xlarge	FT	D	16	3.14044
c5n.4xlarge	FT	D	32	DONOTEXIST
c5n.4xlarge	FT	E	1	ERRORMEM
c5n.4xlarge	FT	E	2	ERRORMEM
c5n.4xlarge	FT	E	4	ERRORMEM
c5n.4xlarge	FT	E	8	ERRORMEM
c5n.4xlarge	FT	E	16	ERRORMEM
c5n.4xlarge	FT	E	32	DONOTEXIST
c5n.9xlarge	CG	C	1	ERRORPOW
c5n.9xlarge	CG	C	2	ERRORPOW
c5n.9xlarge	CG	C	4	ERRORPOW
c5n.9xlarge	CG	C	8	ERRORPOW
c5n.9xlarge	CG	C	16	ERRORPOW
c5n.9xlarge	CG	C	32	DONOTEXIST
c5n.9xlarge	CG	D	1	ERRORPOW
c5n.9xlarge	CG	D	2	ERRORPOW
c5n.9xlarge	CG	D	4	ERRORPOW
c5n.9xlarge	CG	D	8	ERRORPOW
c5n.9xlarge	CG	D	16	ERRORPOW
c5n.9xlarge	CG	D	32	DONOTEXIST
c5n.9xlarge	CG	E	1	ERRORPOW
c5n.9xlarge	CG	E	2	ERRORPOW
c5n.9xlarge	CG	E	4	ERRORPOW
c5n.9xlarge	CG	E	8	ERRORPOW
c5n.9xlarge	CG	E	16	ERRORPOW
c5n.9xlarge	CG	E	32	DONOTEXIST
c5n.9xlarge	MG	C	1	0.295582
c5n.9xlarge	MG	C	2	0.136815
c5n.9xlarge	MG	C	4	0.0747882
c5n.9xlarge	MG	C	8	0.207161
c5n.9xlarge	MG	C	16	0.072563
c5n.9xlarge	MG	C	32	DONOTEXIST
c5n.9xlarge	MG	D	1	2.34253
c5n.9xlarge	MG	D	2	1.26426
c5n.9xlarge	MG	D	4	0.672749
c5n.9xlarge	MG	D	8	0.493239
c5n.9xlarge	MG	D	16	0.232282
c5n.9xlarge	MG	D	32	DONOTEXIST
c5n.9xlarge	MG	E	1	ERRORSEG
c5n.9xlarge	MG	E	2	ERRORMEM
c5n.9xlarge	MG	E	4	5.13975
c5n.9xlarge	MG	E	8	2.72479
c5n.9xlarge	MG	E	16	1.35899
c5n.9xlarge	MG	E	32	DONOTEXIST
c5n.9xlarge	EP	C	1	0.0034752
c5n.9xlarge	EP	C	2	0.0035762
c5n.9xlarge	EP	C	4	0.0034218
c5n.9xlarge	EP	C	8	0.0037004
c5n.9xlarge	EP	C	16	0.00361
c5n.9xlarge	EP	C	32	DONOTEXIST
c5n.9xlarge	EP	D	1	0.0034842
c5n.9xlarge	EP	D	2	0.0035072
c5n.9xlarge	EP	D	4	0.0035946
c5n.9xlarge	EP	D	8	0.0041268
c5n.9xlarge	EP	D	16	0.0039494
c5n.9xlarge	EP	D	32	DONOTEXIST
c5n.9xlarge	EP	E	1	0.0034932
c5n.9xlarge	EP	E	2	0.00382067
c5n.9xlarge	EP	E	4	0.0037226
c5n.9xlarge	EP	E	8	0.0040038
c5n.9xlarge	EP	E	16	0.0031964
c5n.9xlarge	EP	E	32	DONOTEXIST
c5n.9xlarge	IS	C	1	ERRORPOW
c5n.9xlarge	IS	C	2	ERRORPOW
c5n.9xlarge	IS	C	4	ERRORPOW
c5n.9xlarge	IS	C	8	ERRORPOW
c5n.9xlarge	IS	C	16	ERRORPOW
c5n.9xlarge	IS	C	32	DONOTEXIST
c5n.9xlarge	IS	D	1	ERRORPOW
c5n.9xlarge	IS	D	2	ERRORPOW
c5n.9xlarge	IS	D	4	ERRORPOW
c5n.9xlarge	IS	D	8	ERRORPOW
c5n.9xlarge	IS	D	16	ERRORPOW
c5n.9xlarge	IS	D	32	DONOTEXIST
c5n.9xlarge	IS	E	1	ERRORPOW
c5n.9xlarge	IS	E	2	ERRORPOW
c5n.9xlarge	IS	E	4	ERRORPOW
c5n.9xlarge	IS	E	8	ERRORPOW
c5n.9xlarge	IS	E	16	ERRORPOW
c5n.9xlarge	IS	E	32	DONOTEXIST
c5n.9xlarge	FT	C	1	0.651256
c5n.9xlarge	FT	C	2	ERRORNET
c5n.9xlarge	FT	C	4	ERRORNET
c5n.9xlarge	FT	C	8	ERRORNET
c5n.9xlarge	FT	C	16	ERRORNET
c5n.9xlarge	FT	C	32	DONOTEXIST
c5n.9xlarge	FT	D	1	ERRORMEM
c5n.9xlarge	FT	D	2	ERRORNET
c5n.9xlarge	FT	D	4	4.96799
c5n.9xlarge	FT	D	8	ERRORNET
c5n.9xlarge	FT	D	16	ERRORNET
c5n.9xlarge	FT	D	32	DONOTEXIST
c5n.9xlarge	FT	E	1	ERRORMEM
c5n.9xlarge	FT	E	2	ERRORMEM
c5n.9xlarge	FT	E	4	ERRORMEM
c5n.9xlarge	FT	E	8	ERRORMEM
c5n.9xlarge	FT	E	16	20.5538
c5n.9xlarge	FT	E	32	DONOTEXIST
c5n.large	CG	C	1	2.61114
c5n.large	CG	C	2	1.36652
c5n.large	CG	C	4	0.364473
c5n.large	CG	C	8	0.221628
c5n.large	CG	C	16	0.145699
c5n.large	CG	C	32	0.142419
c5n.large	CG	D	1	ERRORMEM
c5n.large	CG	D	2	ERRORMEM
c5n.large	CG	D	4	ERRORMEM
c5n.large	CG	D	8	14.8086
c5n.large	CG	D	16	6.77905
c5n.large	CG	D	32	5.15523
c5n.large	CG	E	1	ERROROVER
c5n.large	CG	E	2	ERRORMEM
c5n.large	CG	E	4	ERRORMEM
c5n.large	CG	E	8	ERRORMEM
c5n.large	CG	E	16	ERRORMEM
c5n.large	CG	E	32	ERRORMEM
c5n.large	MG	C	1	1.64378
c5n.large	MG	C	2	0.88882
c5n.large	MG	C	4	0.447105
c5n.large	MG	C	8	0.252621
c5n.large	MG	C	16	0.209121
c5n.large	MG	C	32	0.140963
c5n.large	MG	D	1	ERRORSEG
c5n.large	MG	D	2	ERRORSEG
c5n.large	MG	D	4	ERRORMEM
c5n.large	MG	D	8	2.15475
c5n.large	MG	D	16	1.65154
c5n.large	MG	D	32	1.22475
c5n.large	MG	E	1	ERRORSEG
c5n.large	MG	E	2	ERRORSEG
c5n.large	MG	E	4	ERRORMEM
c5n.large	MG	E	8	ERRORSEG
c5n.large	MG	E	16	ERRORSEG
c5n.large	MG	E	32	ERRORMEM
c5n.large	EP	C	1	0.0035088
c5n.large	EP	C	2	0.003427
c5n.large	EP	C	4	0.0034586
c5n.large	EP	C	8	0.0036038
c5n.large	EP	C	16	0.003539
c5n.large	EP	C	32	0.0042202
c5n.large	EP	D	1	0.0034012
c5n.large	EP	D	2	0.0034618
c5n.large	EP	D	4	0.0034282
c5n.large	EP	D	8	0.003665
c5n.large	EP	D	16	0.0034698
c5n.large	EP	D	32	0.0035298
c5n.large	EP	E	1	0.0033554
c5n.large	EP	E	2	0.0035218
c5n.large	EP	E	4	0.0035898
c5n.large	EP	E	8	0.0034674
c5n.large	EP	E	16	0.0037964
c5n.large	EP	E	32	0.0037512
c5n.large	IS	C	1	0.717891
c5n.large	IS	C	2	0.533473
c5n.large	IS	C	4	0.304013
c5n.large	IS	C	8	0.172306
c5n.large	IS	C	16	0.10202
c5n.large	IS	C	32	0.0725062
c5n.large	IS	D	1	ERRORNUM
c5n.large	IS	D	2	ERRORMEM
c5n.large	IS	D	4	ERRORMEM
c5n.large	IS	D	8	3.28414
c5n.large	IS	D	16	2.09322
c5n.large	IS	D	32	1.46127
c5n.large	IS	E	1	ERRORNUM
c5n.large	IS	E	2	ERRORNUM
c5n.large	IS	E	4	ERRORNUM
c5n.large	IS	E	8	ERRORNUM
c5n.large	IS	E	16	ERRORNUM
c5n.large	IS	E	32	ERRORMEM
c5n.large	FT	C	1	ERRORMEM
c5n.large	FT	C	2	4.359
c5n.large	FT	C	4	2.31555
c5n.large	FT	C	8	1.27819
c5n.large	FT	C	16	0.703893
c5n.large	FT	C	32	ERRORNET
c5n.large	FT	D	1	ERRORMEM
c5n.large	FT	D	2	ERRORMEM
c5n.large	FT	D	4	ERRORMEM
c5n.large	FT	D	8	ERRORMEM
c5n.large	FT	D	16	ERRORMEM
c5n.large	FT	D	32	11.0591
c5n.large	FT	E	1	ERRORSEG
c5n.large	FT	E	2	ERRORSEG
c5n.large	FT	E	4	ERRORSEG
c5n.large	FT	E	8	ERRORMEM
c5n.large	FT	E	16	ERRORMEM
c5n.large	FT	E	32	ERRORMEM
c5n.xlarge	CG	C	1	1.363
c5n.xlarge	CG	C	2	0.323456
c5n.xlarge	CG	C	4	0.190876
c5n.xlarge	CG	C	8	0.118297
c5n.xlarge	CG	C	16	0.100868
c5n.xlarge	CG	C	32	0.092796
c5n.xlarge	CG	D	1	ERRORMEM
c5n.xlarge	CG	D	2	ERRORMEM
c5n.xlarge	CG	D	4	9.29978
c5n.xlarge	CG	D	8	5.08938
c5n.xlarge	CG	D	16	3.63337
c5n.xlarge	CG	D	32	3.62873
c5n.xlarge	CG	E	1	ERRORMEM
c5n.xlarge	CG	E	2	ERRORMEM
c5n.xlarge	CG	E	4	ERRORMEM
c5n.xlarge	CG	E	8	ERRORMEM
c5n.xlarge	CG	E	16	ERRORMEM
c5n.xlarge	CG	E	32	ERRORMEM
c5n.xlarge	MG	C	1	0.964279
c5n.xlarge	MG	C	2	0.409142
c5n.xlarge	MG	C	4	0.222489
c5n.xlarge	MG	C	8	0.151522
c5n.xlarge	MG	C	16	0.089262
c5n.xlarge	MG	C	32	0.0900134
c5n.xlarge	MG	D	1	ERRORSEG
c5n.xlarge	MG	D	2	ERRORMEM
c5n.xlarge	MG	D	4	1.97147
c5n.xlarge	MG	D	8	1.2678
c5n.xlarge	MG	D	16	0.746974
c5n.xlarge	MG	D	32	0.745293
c5n.xlarge	MG	E	1	ERRORSEG
c5n.xlarge	MG	E	2	ERRORSEG
c5n.xlarge	MG	E	4	ERRORSEG
c5n.xlarge	MG	E	8	ERRORSEG
c5n.xlarge	MG	E	16	ERRORMEM
c5n.xlarge	MG	E	32	ERRORMEM
c5n.xlarge	EP	C	1	0.0033288
c5n.xlarge	EP	C	2	0.0033186
c5n.xlarge	EP	C	4	0.0033776
c5n.xlarge	EP	C	8	0.0036464
c5n.xlarge	EP	C	16	0.0034884
c5n.xlarge	EP	C	32	0.0034732
c5n.xlarge	EP	D	1	0.003311
c5n.xlarge	EP	D	2	0.0032952
c5n.xlarge	EP	D	4	0.0034228
c5n.xlarge	EP	D	8	0.0034642
c5n.xlarge	EP	D	16	0.0035202
c5n.xlarge	EP	D	32	0.0035062
c5n.xlarge	EP	E	1	0.0032926
c5n.xlarge	EP	E	2	0.0032834
c5n.xlarge	EP	E	4	0.0033198
c5n.xlarge	EP	E	8	0.0033044
c5n.xlarge	EP	E	16	0.0035176
c5n.xlarge	EP	E	32	0.0033654
c5n.xlarge	IS	C	1	0.386665
c5n.xlarge	IS	C	2	0.282881
c5n.xlarge	IS	C	4	0.162406
c5n.xlarge	IS	C	8	0.097022
c5n.xlarge	IS	C	16	0.068117
c5n.xlarge	IS	C	32	0.0677002
c5n.xlarge	IS	D	1	ERRORMEM
c5n.xlarge	IS	D	2	ERRORMEM
c5n.xlarge	IS	D	4	3.21655
c5n.xlarge	IS	D	8	2.06282
c5n.xlarge	IS	D	16	1.33931
c5n.xlarge	IS	D	32	1.33808
c5n.xlarge	IS	E	1	ERRORNUM
c5n.xlarge	IS	E	2	ERRORNUM
c5n.xlarge	IS	E	4	ERRORNUM
c5n.xlarge	IS	E	8	ERRORNUM
c5n.xlarge	IS	E	16	ERRORMEM
c5n.xlarge	IS	E	32	ERRORMEM
c5n.xlarge	FT	C	1	3.69218
c5n.xlarge	FT	C	2	2.18219
c5n.xlarge	FT	C	4	1.20705
c5n.xlarge	FT	C	8	0.654821
c5n.xlarge	FT	C	16	0.459082
c5n.xlarge	FT	C	32	0.386124
c5n.xlarge	FT	D	1	ERRORMEM
c5n.xlarge	FT	D	2	ERRORMEM
c5n.xlarge	FT	D	4	ERRORMEM
c5n.xlarge	FT	D	8	ERRORMEM
c5n.xlarge	FT	D	16	ERRORNET
c5n.xlarge	FT	D	32	ERRORNET
c5n.xlarge	FT	E	1	ERRORSEG
c5n.xlarge	FT	E	2	ERRORSEG
c5n.xlarge	FT	E	4	ERRORMEM
c5n.xlarge	FT	E	8	ERRORMEM
c5n.xlarge	FT	E	16	ERRORMEM
c5n.xlarge	FT	E	32	ERRORMEM
c5.xlarge	CG	C	1	1.37684
c5.xlarge	CG	C	2	0.356971
c5.xlarge	CG	C	4	0.207177
c5.xlarge	CG	C	8	0.138286
c5.xlarge	CG	C	16	0.102969
c5.xlarge	CG	C	32	0.0839364
c5.xlarge	CG	D	1	ERRORMEM
c5.xlarge	CG	D	2	ERRORMEM
c5.xlarge	CG	D	4	11.9524
c5.xlarge	CG	D	8	5.14911
c5.xlarge	CG	D	16	2.8511
c5.xlarge	CG	D	32	1.42013
c5.xlarge	CG	E	1	ERRORMEM
c5.xlarge	CG	E	2	ERRORMEM
c5.xlarge	CG	E	4	ERRORMEM
c5.xlarge	CG	E	8	ERRORMEM
c5.xlarge	CG	E	16	ERRORMEM
c5.xlarge	CG	E	32	24.0637
c5.xlarge	MG	C	1	0.972209
c5.xlarge	MG	C	2	0.441776
c5.xlarge	MG	C	4	0.243
c5.xlarge	MG	C	8	0.139958
c5.xlarge	MG	C	16	0.0719112
c5.xlarge	MG	C	32	0.046279
c5.xlarge	MG	D	1	ERRORSEG
c5.xlarge	MG	D	2	ERRORMEM
c5.xlarge	MG	D	4	2.22641
c5.xlarge	MG	D	8	1.17376
c5.xlarge	MG	D	16	0.518233
c5.xlarge	MG	D	32	0.287979
c5.xlarge	MG	E	1	ERRORSEG
c5.xlarge	MG	E	2	ERRORMEM
c5.xlarge	MG	E	4	ERRORSEG
c5.xlarge	MG	E	8	ERRORSEG
c5.xlarge	MG	E	16	ERRORMEM
c5.xlarge	MG	E	32	2.37963
c5.xlarge	EP	C	1	0.00340625
c5.xlarge	EP	C	2	0.0034492
c5.xlarge	EP	C	4	0.00337875
c5.xlarge	EP	C	8	0.0035038
c5.xlarge	EP	C	16	0.00352
c5.xlarge	EP	C	32	0.0035912
c5.xlarge	EP	D	1	0.0033946
c5.xlarge	EP	D	2	0.0033978
c5.xlarge	EP	D	4	0.003492
c5.xlarge	EP	D	8	0.003477
c5.xlarge	EP	D	16	0.003454
c5.xlarge	EP	D	32	0.0035088
c5.xlarge	EP	E	1	0.0034068
c5.xlarge	EP	E	2	0.0034034
c5.xlarge	EP	E	4	0.0034666
c5.xlarge	EP	E	8	0.0034708
c5.xlarge	EP	E	16	0.0038526
c5.xlarge	EP	E	32	0.0035444
c5.xlarge	IS	C	1	0.394786
c5.xlarge	IS	C	2	0.360677
c5.xlarge	IS	C	4	0.181362
c5.xlarge	IS	C	8	0.113094
c5.xlarge	IS	C	16	0.0749945
c5.xlarge	IS	C	32	0.0532364
c5.xlarge	IS	D	1	ERRORMEM
c5.xlarge	IS	D	2	ERRORMEM
c5.xlarge	IS	D	4	3.71063
c5.xlarge	IS	D	8	2.29347
c5.xlarge	IS	D	16	1.27995
c5.xlarge	IS	D	32	0.742435
c5.xlarge	IS	E	1	ERRORNUM
c5.xlarge	IS	E	2	ERRORNUM
c5.xlarge	IS	E	4	ERRORNUM
c5.xlarge	IS	E	8	ERRORNUM
c5.xlarge	IS	E	16	ERRORMEM
c5.xlarge	IS	E	32	ERRORMEM
c5.xlarge	FT	C	1	3.77016
c5.xlarge	FT	C	2	2.4483
c5.xlarge	FT	C	4	1.41185
c5.xlarge	FT	C	8	0.762813
c5.xlarge	FT	C	16	0.375559
c5.xlarge	FT	C	32	0.228942
c5.xlarge	FT	D	1	ERRORMEM
c5.xlarge	FT	D	2	ERRORMEM
c5.xlarge	FT	D	4	ERRORMEM
c5.xlarge	FT	D	8	ERRORMEM
c5.xlarge	FT	D	16	ERRORNET
c5.xlarge	FT	D	32	ERRORNET
c5.xlarge	FT	E	1	ERRORSEG
c5.xlarge	FT	E	2	ERRORSEG
c5.xlarge	FT	E	4	ERRORMEM
c5.xlarge	FT	E	8	ERRORMEM
c5.xlarge	FT	E	16	ERRORMEM
c5.xlarge	FT	E	32	ERRORMEM
m5dn.24xlarge	CG	C	1	ERRORPOW
m5dn.24xlarge	CG	C	2	ERRORPOW
m5dn.24xlarge	CG	C	4	ERRORPOW
m5dn.24xlarge	CG	C	8	DONOTEXIST
m5dn.24xlarge	CG	C	16	DONOTEXIST
m5dn.24xlarge	CG	C	32	DONOTEXIST
m5dn.24xlarge	CG	D	1	ERRORPOW
m5dn.24xlarge	CG	D	2	ERRORPOW
m5dn.24xlarge	CG	D	4	ERRORPOW
m5dn.24xlarge	CG	D	8	DONOTEXIST
m5dn.24xlarge	CG	D	16	DONOTEXIST
m5dn.24xlarge	CG	D	32	DONOTEXIST
m5dn.24xlarge	CG	E	1	ERRORPOW
m5dn.24xlarge	CG	E	2	ERRORPOW
m5dn.24xlarge	CG	E	4	ERRORPOW
m5dn.24xlarge	CG	E	8	DONOTEXIST
m5dn.24xlarge	CG	E	16	DONOTEXIST
m5dn.24xlarge	CG	E	32	DONOTEXIST
m5dn.24xlarge	MG	C	1	0.120154
m5dn.24xlarge	MG	C	2	0.08654
m5dn.24xlarge	MG	C	4	0.0450196
m5dn.24xlarge	MG	C	8	DONOTEXIST
m5dn.24xlarge	MG	C	16	DONOTEXIST
m5dn.24xlarge	MG	C	32	DONOTEXIST
m5dn.24xlarge	MG	D	1	1.12174
m5dn.24xlarge	MG	D	2	0.853293
m5dn.24xlarge	MG	D	4	0.433392
m5dn.24xlarge	MG	D	8	DONOTEXIST
m5dn.24xlarge	MG	D	16	DONOTEXIST
m5dn.24xlarge	MG	D	32	DONOTEXIST
m5dn.24xlarge	MG	E	1	8.80599
m5dn.24xlarge	MG	E	2	6.5007
m5dn.24xlarge	MG	E	4	3.50471
m5dn.24xlarge	MG	E	8	DONOTEXIST
m5dn.24xlarge	MG	E	16	DONOTEXIST
m5dn.24xlarge	MG	E	32	DONOTEXIST
m5dn.24xlarge	EP	C	1	0.0038738
m5dn.24xlarge	EP	C	2	0.0039544
m5dn.24xlarge	EP	C	4	0.0037646
m5dn.24xlarge	EP	C	8	DONOTEXIST
m5dn.24xlarge	EP	C	16	DONOTEXIST
m5dn.24xlarge	EP	C	32	DONOTEXIST
m5dn.24xlarge	EP	D	1	0.0037644
m5dn.24xlarge	EP	D	2	0.0047836
m5dn.24xlarge	EP	D	4	0.0033172
m5dn.24xlarge	EP	D	8	DONOTEXIST
m5dn.24xlarge	EP	D	16	DONOTEXIST
m5dn.24xlarge	EP	D	32	DONOTEXIST
m5dn.24xlarge	EP	E	1	0.003794
m5dn.24xlarge	EP	E	2	0.0037278
m5dn.24xlarge	EP	E	4	0.005937
m5dn.24xlarge	EP	E	8	DONOTEXIST
m5dn.24xlarge	EP	E	16	DONOTEXIST
m5dn.24xlarge	EP	E	32	DONOTEXIST
m5dn.24xlarge	IS	C	1	ERRORPOW
m5dn.24xlarge	IS	C	2	ERRORPOW
m5dn.24xlarge	IS	C	4	ERRORPOW
m5dn.24xlarge	IS	C	8	DONOTEXIST
m5dn.24xlarge	IS	C	16	DONOTEXIST
m5dn.24xlarge	IS	C	32	DONOTEXIST
m5dn.24xlarge	IS	D	1	ERRORPOW
m5dn.24xlarge	IS	D	2	ERRORPOW
m5dn.24xlarge	IS	D	4	ERRORPOW
m5dn.24xlarge	IS	D	8	DONOTEXIST
m5dn.24xlarge	IS	D	16	DONOTEXIST
m5dn.24xlarge	IS	D	32	DONOTEXIST
m5dn.24xlarge	IS	E	1	ERRORPOW
m5dn.24xlarge	IS	E	2	ERRORPOW
m5dn.24xlarge	IS	E	4	ERRORPOW
m5dn.24xlarge	IS	E	8	DONOTEXIST
m5dn.24xlarge	IS	E	16	DONOTEXIST
m5dn.24xlarge	IS	E	32	DONOTEXIST
m5dn.24xlarge	FT	C	1	0.37114
m5dn.24xlarge	FT	C	2	ERRORNET
m5dn.24xlarge	FT	C	4	ERRORNET
m5dn.24xlarge	FT	C	8	DONOTEXIST
m5dn.24xlarge	FT	C	16	DONOTEXIST
m5dn.24xlarge	FT	C	32	DONOTEXIST
m5dn.24xlarge	FT	D	1	8.45276
m5dn.24xlarge	FT	D	2	ERRORNET
m5dn.24xlarge	FT	D	4	ERRORNET
m5dn.24xlarge	FT	D	8	DONOTEXIST
m5dn.24xlarge	FT	D	16	DONOTEXIST
m5dn.24xlarge	FT	D	32	DONOTEXIST
m5dn.24xlarge	FT	E	1	ERRORMEM
m5dn.24xlarge	FT	E	2	ERRORMEM
m5dn.24xlarge	FT	E	4	41.6697
m5dn.24xlarge	FT	E	8	DONOTEXIST
m5dn.24xlarge	FT	E	16	DONOTEXIST
m5dn.24xlarge	FT	E	32	DONOTEXIST
m5dn.2xlarge	CG	C	1	0.319583
m5dn.2xlarge	CG	C	2	0.197061
m5dn.2xlarge	CG	C	4	0.102255
m5dn.2xlarge	CG	C	8	0.0694472
m5dn.2xlarge	CG	C	16	0.0662822
m5dn.2xlarge	CG	C	32	0.0691864
m5dn.2xlarge	CG	D	1	18.4234
m5dn.2xlarge	CG	D	2	9.72608
m5dn.2xlarge	CG	D	4	4.89124
m5dn.2xlarge	CG	D	8	2.59703
m5dn.2xlarge	CG	D	16	1.38296
m5dn.2xlarge	CG	D	32	1.08619
m5dn.2xlarge	CG	E	1	ERRORMEM
m5dn.2xlarge	CG	E	2	ERRORMEM
m5dn.2xlarge	CG	E	4	ERRORMEM
m5dn.2xlarge	CG	E	8	55.6325
m5dn.2xlarge	CG	E	16	31.2387
m5dn.2xlarge	CG	E	32	22.58
m5dn.2xlarge	MG	C	1	0.426151
m5dn.2xlarge	MG	C	2	0.233416
m5dn.2xlarge	MG	C	4	0.155912
m5dn.2xlarge	MG	C	8	0.0748744
m5dn.2xlarge	MG	C	16	0.0663088
m5dn.2xlarge	MG	C	32	0.0518882
m5dn.2xlarge	MG	D	1	3.90977
m5dn.2xlarge	MG	D	2	2.11356
m5dn.2xlarge	MG	D	4	1.37664
m5dn.2xlarge	MG	D	8	0.566383
m5dn.2xlarge	MG	D	16	0.569497
m5dn.2xlarge	MG	D	32	0.434475
m5dn.2xlarge	MG	E	1	ERRORSEG
m5dn.2xlarge	MG	E	2	ERRORSEG
m5dn.2xlarge	MG	E	4	ERRORSEG
m5dn.2xlarge	MG	E	8	4.93315
m5dn.2xlarge	MG	E	16	4.32268
m5dn.2xlarge	MG	E	32	3.40852
m5dn.2xlarge	EP	C	1	0.0036978
m5dn.2xlarge	EP	C	2	0.0036808
m5dn.2xlarge	EP	C	4	0.0036646
m5dn.2xlarge	EP	C	8	0.0037168
m5dn.2xlarge	EP	C	16	0.00354
m5dn.2xlarge	EP	C	32	0.0038044
m5dn.2xlarge	EP	D	1	0.0036046
m5dn.2xlarge	EP	D	2	0.0036556
m5dn.2xlarge	EP	D	4	0.00371
m5dn.2xlarge	EP	D	8	0.0035936
m5dn.2xlarge	EP	D	16	0.0037268
m5dn.2xlarge	EP	D	32	0.0037436
m5dn.2xlarge	EP	E	1	0.0036036
m5dn.2xlarge	EP	E	2	0.0037306
m5dn.2xlarge	EP	E	4	0.0037426
m5dn.2xlarge	EP	E	8	0.003733
m5dn.2xlarge	EP	E	16	0.0037106
m5dn.2xlarge	EP	E	32	0.0037242
m5dn.2xlarge	IS	C	1	0.203705
m5dn.2xlarge	IS	C	2	0.152905
m5dn.2xlarge	IS	C	4	0.0897516
m5dn.2xlarge	IS	C	8	0.060041
m5dn.2xlarge	IS	C	16	0.0503875
m5dn.2xlarge	IS	C	32	0.072029
m5dn.2xlarge	IS	D	1	4.04656
m5dn.2xlarge	IS	D	2	3.04074
m5dn.2xlarge	IS	D	4	1.87216
m5dn.2xlarge	IS	D	8	1.19119
m5dn.2xlarge	IS	D	16	0.790905
m5dn.2xlarge	IS	D	32	0.575687
m5dn.2xlarge	IS	E	1	ERRORNUM
m5dn.2xlarge	IS	E	2	ERRORNUM
m5dn.2xlarge	IS	E	4	ERRORNUM
m5dn.2xlarge	IS	E	8	ERRORMEM
m5dn.2xlarge	IS	E	16	18.2863
m5dn.2xlarge	IS	E	32	13.9122
m5dn.2xlarge	FT	C	1	1.99103
m5dn.2xlarge	FT	C	2	1.19673
m5dn.2xlarge	FT	C	4	0.662534
m5dn.2xlarge	FT	C	8	0.358253
m5dn.2xlarge	FT	C	16	ERRORNET
m5dn.2xlarge	FT	C	32	ERRORNET
m5dn.2xlarge	FT	D	1	ERRORMEM
m5dn.2xlarge	FT	D	2	ERRORMEM
m5dn.2xlarge	FT	D	4	12.6304
m5dn.2xlarge	FT	D	8	6.56778
m5dn.2xlarge	FT	D	16	ERRORNET
m5dn.2xlarge	FT	D	32	3.19399
m5dn.2xlarge	FT	E	1	ERRORSEG
m5dn.2xlarge	FT	E	2	ERRORMEM
m5dn.2xlarge	FT	E	4	ERRORMEM
m5dn.2xlarge	FT	E	8	ERRORMEM
m5dn.2xlarge	FT	E	16	ERRORMEM
m5dn.2xlarge	FT	E	32	45.1075
m5dn.large	CG	C	1	2.70506
m5dn.large	CG	C	2	1.42004
m5dn.large	CG	C	4	0.383797
m5dn.large	CG	C	8	0.291714
m5dn.large	CG	C	16	0.14264
m5dn.large	CG	C	32	0.132658
m5dn.large	CG	D	1	ERRORMEM
m5dn.large	CG	D	2	ERRORMEM
m5dn.large	CG	D	4	19.2425
m5dn.large	CG	D	8	12.8716
m5dn.large	CG	D	16	5.67546
m5dn.large	CG	D	32	4.19913
m5dn.large	CG	E	1	ERROROVER
m5dn.large	CG	E	2	ERRORMEM
m5dn.large	CG	E	4	ERRORMEM
m5dn.large	CG	E	8	ERRORMEM
m5dn.large	CG	E	16	ERRORMEM
m5dn.large	CG	E	32	73.4312
m5dn.large	MG	C	1	1.64788
m5dn.large	MG	C	2	0.924239
m5dn.large	MG	C	4	0.460873
m5dn.large	MG	C	8	0.270105
m5dn.large	MG	C	16	0.190973
m5dn.large	MG	C	32	0.13237
m5dn.large	MG	D	1	ERRORSEG
m5dn.large	MG	D	2	ERRORSEG
m5dn.large	MG	D	4	4.09014
m5dn.large	MG	D	8	2.3142
m5dn.large	MG	D	16	1.58512
m5dn.large	MG	D	32	1.14588
m5dn.large	MG	E	1	ERRORSEG
m5dn.large	MG	E	2	ERRORSEG
m5dn.large	MG	E	4	ERRORMEM
m5dn.large	MG	E	8	ERRORSEG
m5dn.large	MG	E	16	ERRORSEG
m5dn.large	MG	E	32	8.77729
m5dn.large	EP	C	1	0.0037232
m5dn.large	EP	C	2	0.0036996
m5dn.large	EP	C	4	0.0038286
m5dn.large	EP	C	8	0.0038154
m5dn.large	EP	C	16	0.0037804
m5dn.large	EP	C	32	0.003728
m5dn.large	EP	D	1	0.0036512
m5dn.large	EP	D	2	0.00360175
m5dn.large	EP	D	4	0.0038436
m5dn.large	EP	D	8	0.0038432
m5dn.large	EP	D	16	0.0038074
m5dn.large	EP	D	32	0.0037832
m5dn.large	EP	E	1	0.0035902
m5dn.large	EP	E	2	0.0037266
m5dn.large	EP	E	4	0.0036958
m5dn.large	EP	E	8	0.0037508
m5dn.large	EP	E	16	0.003993
m5dn.large	EP	E	32	0.0038838
m5dn.large	IS	C	1	0.739281
m5dn.large	IS	C	2	0.540384
m5dn.large	IS	C	4	0.305055
m5dn.large	IS	C	8	0.16738
m5dn.large	IS	C	16	0.0977008
m5dn.large	IS	C	32	0.0707173
m5dn.large	IS	D	1	ERRORNUM
m5dn.large	IS	D	2	ERRORMEM
m5dn.large	IS	D	4	5.6128
m5dn.large	IS	D	8	3.26325
m5dn.large	IS	D	16	2.04429
m5dn.large	IS	D	32	1.46493
m5dn.large	IS	E	1	ERRORNUM
m5dn.large	IS	E	2	ERRORNUM
m5dn.large	IS	E	4	ERRORNUM
m5dn.large	IS	E	8	ERRORNUM
m5dn.large	IS	E	16	ERRORNUM
m5dn.large	IS	E	32	ERRORMEM
m5dn.large	FT	C	1	7.58614
m5dn.large	FT	C	2	4.50768
m5dn.large	FT	C	4	2.37899
m5dn.large	FT	C	8	1.27256
m5dn.large	FT	C	16	ERRORNET
m5dn.large	FT	C	32	ERRORNET
m5dn.large	FT	D	1	ERRORMEM
m5dn.large	FT	D	2	ERRORMEM
m5dn.large	FT	D	4	ERRORMEM
m5dn.large	FT	D	8	ERRORMEM
m5dn.large	FT	D	16	ERRORNET
m5dn.large	FT	D	32	ERRORNET
m5dn.large	FT	E	1	ERRORSEG
m5dn.large	FT	E	2	ERRORSEG
m5dn.large	FT	E	4	ERRORSEG
m5dn.large	FT	E	8	ERRORMEM
m5dn.large	FT	E	16	ERRORMEM
m5dn.large	FT	E	32	ERRORMEM
m5dn.xlarge	CG	C	1	1.38793
m5dn.xlarge	CG	C	2	0.337883
m5dn.xlarge	CG	C	4	0.196052
m5dn.xlarge	CG	C	8	0.11666
m5dn.xlarge	CG	C	16	0.0871426
m5dn.xlarge	CG	C	32	0.0991082
m5dn.xlarge	CG	D	1	ERRORMEM
m5dn.xlarge	CG	D	2	17.8043
m5dn.xlarge	CG	D	4	9.74381
m5dn.xlarge	CG	D	8	4.73935
m5dn.xlarge	CG	D	16	2.82272
m5dn.xlarge	CG	D	32	1.67889
m5dn.xlarge	CG	E	1	ERRORMEM
m5dn.xlarge	CG	E	2	ERRORMEM
m5dn.xlarge	CG	E	4	ERRORMEM
m5dn.xlarge	CG	E	8	ERRORMEM
m5dn.xlarge	CG	E	16	56.9294
m5dn.xlarge	CG	E	32	36.4543
m5dn.xlarge	MG	C	1	0.913946
m5dn.xlarge	MG	C	2	0.417441
m5dn.xlarge	MG	C	4	0.237057
m5dn.xlarge	MG	C	8	0.140261
m5dn.xlarge	MG	C	16	0.0782814
m5dn.xlarge	MG	C	32	0.16301
m5dn.xlarge	MG	D	1	ERRORSEG
m5dn.xlarge	MG	D	2	3.51704
m5dn.xlarge	MG	D	4	2.1229
m5dn.xlarge	MG	D	8	1.21968
m5dn.xlarge	MG	D	16	0.577618
m5dn.xlarge	MG	D	32	0.822688
m5dn.xlarge	MG	E	1	ERRORSEG
m5dn.xlarge	MG	E	2	ERRORSEG
m5dn.xlarge	MG	E	4	ERRORSEG
m5dn.xlarge	MG	E	8	ERRORSEG
m5dn.xlarge	MG	E	16	4.96876
m5dn.xlarge	MG	E	32	5.32317
m5dn.xlarge	EP	C	1	0.0037365
m5dn.xlarge	EP	C	2	0.0036466
m5dn.xlarge	EP	C	4	0.0037874
m5dn.xlarge	EP	C	8	0.0037352
m5dn.xlarge	EP	C	16	0.0037284
m5dn.xlarge	EP	C	32	0.004123
m5dn.xlarge	EP	D	1	0.0036918
m5dn.xlarge	EP	D	2	0.0036412
m5dn.xlarge	EP	D	4	0.0037534
m5dn.xlarge	EP	D	8	0.0038156
m5dn.xlarge	EP	D	16	0.0037538
m5dn.xlarge	EP	D	32	0.0040986
m5dn.xlarge	EP	E	1	0.0035664
m5dn.xlarge	EP	E	2	0.0036638
m5dn.xlarge	EP	E	4	0.0036678
m5dn.xlarge	EP	E	8	0.0038686
m5dn.xlarge	EP	E	16	0.0036748
m5dn.xlarge	EP	E	32	0.0036924
m5dn.xlarge	IS	C	1	0.38658
m5dn.xlarge	IS	C	2	0.280681
m5dn.xlarge	IS	C	4	0.155732
m5dn.xlarge	IS	C	8	0.0908468
m5dn.xlarge	IS	C	16	0.0640035
m5dn.xlarge	IS	C	32	0.0535518
m5dn.xlarge	IS	D	1	ERRORMEM
m5dn.xlarge	IS	D	2	5.3322
m5dn.xlarge	IS	D	4	3.09686
m5dn.xlarge	IS	D	8	1.92561
m5dn.xlarge	IS	D	16	1.24273
m5dn.xlarge	IS	D	32	0.895378
m5dn.xlarge	IS	E	1	ERRORNUM
m5dn.xlarge	IS	E	2	ERRORNUM
m5dn.xlarge	IS	E	4	ERRORNUM
m5dn.xlarge	IS	E	8	ERRORNUM
m5dn.xlarge	IS	E	16	ERRORMEM
m5dn.xlarge	IS	E	32	21.6451
m5dn.xlarge	FT	C	1	3.87151
m5dn.xlarge	FT	C	2	2.30058
m5dn.xlarge	FT	C	4	1.21599
m5dn.xlarge	FT	C	8	0.656083
m5dn.xlarge	FT	C	16	0.379685
m5dn.xlarge	FT	C	32	ERRORNET
m5dn.xlarge	FT	D	1	ERRORMEM
m5dn.xlarge	FT	D	2	ERRORMEM
m5dn.xlarge	FT	D	4	ERRORMEM
m5dn.xlarge	FT	D	8	12.1639
m5dn.xlarge	FT	D	16	6.83945
m5dn.xlarge	FT	D	32	ERRORNET
m5dn.xlarge	FT	E	1	ERRORSEG
m5dn.xlarge	FT	E	2	ERRORSEG
m5dn.xlarge	FT	E	4	ERRORMEM
m5dn.xlarge	FT	E	8	ERRORMEM
m5dn.xlarge	FT	E	16	ERRORMEM
m5dn.xlarge	FT	E	32	ERRORMEM
m5n.12xlarge	CG	C	1	ERRORPOW
m5n.12xlarge	CG	C	2	ERRORPOW
m5n.12xlarge	CG	C	4	ERRORPOW
m5n.12xlarge	CG	C	8	ERRORPOW
m5n.12xlarge	CG	C	16	ERRORPOW
m5n.12xlarge	CG	C	32	DONOTEXIST
m5n.12xlarge	CG	D	1	ERRORPOW
m5n.12xlarge	CG	D	2	ERRORPOW
m5n.12xlarge	CG	D	4	ERRORPOW
m5n.12xlarge	CG	D	8	ERRORPOW
m5n.12xlarge	CG	D	16	ERRORPOW
m5n.12xlarge	CG	D	32	DONOTEXIST
m5n.12xlarge	CG	E	1	ERRORPOW
m5n.12xlarge	CG	E	2	ERRORPOW
m5n.12xlarge	CG	E	4	ERRORPOW
m5n.12xlarge	CG	E	8	ERRORPOW
m5n.12xlarge	CG	E	16	ERRORPOW
m5n.12xlarge	CG	E	32	DONOTEXIST
m5n.12xlarge	MG	C	1	0.257788
m5n.12xlarge	MG	C	2	0.16471
m5n.12xlarge	MG	C	4	0.08768
m5n.12xlarge	MG	C	8	0.102205
m5n.12xlarge	MG	C	16	0.0848222
m5n.12xlarge	MG	C	32	DONOTEXIST
m5n.12xlarge	MG	D	1	2.26417
m5n.12xlarge	MG	D	2	1.58874
m5n.12xlarge	MG	D	4	0.847129
m5n.12xlarge	MG	D	8	0.605697
m5n.12xlarge	MG	D	16	0.24935
m5n.12xlarge	MG	D	32	DONOTEXIST
m5n.12xlarge	MG	E	1	ERRORSEG
m5n.12xlarge	MG	E	2	12.1289
m5n.12xlarge	MG	E	4	6.42486
m5n.12xlarge	MG	E	8	3.39787
m5n.12xlarge	MG	E	16	1.64679
m5n.12xlarge	MG	E	32	DONOTEXIST
m5n.12xlarge	EP	C	1	0.003799
m5n.12xlarge	EP	C	2	0.003998
m5n.12xlarge	EP	C	4	0.0041476
m5n.12xlarge	EP	C	8	0.0041514
m5n.12xlarge	EP	C	16	0.004383
m5n.12xlarge	EP	C	32	DONOTEXIST
m5n.12xlarge	EP	D	1	0.0039656
m5n.12xlarge	EP	D	2	0.00371675
m5n.12xlarge	EP	D	4	0.0037802
m5n.12xlarge	EP	D	8	0.004175
m5n.12xlarge	EP	D	16	0.0043994
m5n.12xlarge	EP	D	32	DONOTEXIST
m5n.12xlarge	EP	E	1	0.0038812
m5n.12xlarge	EP	E	2	0.0037788
m5n.12xlarge	EP	E	4	0.0038604
m5n.12xlarge	EP	E	8	0.0046248
m5n.12xlarge	EP	E	16	0.0041766
m5n.12xlarge	EP	E	32	DONOTEXIST
m5n.12xlarge	IS	C	1	ERRORPOW
m5n.12xlarge	IS	C	2	ERRORPOW
m5n.12xlarge	IS	C	4	ERRORPOW
m5n.12xlarge	IS	C	8	ERRORPOW
m5n.12xlarge	IS	C	16	ERRORPOW
m5n.12xlarge	IS	C	32	DONOTEXIST
m5n.12xlarge	IS	D	1	ERRORPOW
m5n.12xlarge	IS	D	2	ERRORPOW
m5n.12xlarge	IS	D	4	ERRORPOW
m5n.12xlarge	IS	D	8	ERRORPOW
m5n.12xlarge	IS	D	16	ERRORPOW
m5n.12xlarge	IS	D	32	DONOTEXIST
m5n.12xlarge	IS	E	1	ERRORPOW
m5n.12xlarge	IS	E	2	ERRORPOW
m5n.12xlarge	IS	E	4	ERRORPOW
m5n.12xlarge	IS	E	8	ERRORPOW
m5n.12xlarge	IS	E	16	ERRORPOW
m5n.12xlarge	IS	E	32	DONOTEXIST
m5n.12xlarge	FT	C	1	0.725395
m5n.12xlarge	FT	C	2	ERRORNET
m5n.12xlarge	FT	C	4	ERRORNET
m5n.12xlarge	FT	C	8	ERRORNET
m5n.12xlarge	FT	C	16	ERRORNET
m5n.12xlarge	FT	C	32	DONOTEXIST
m5n.12xlarge	FT	D	1	15.8262
m5n.12xlarge	FT	D	2	9.39953
m5n.12xlarge	FT	D	4	ERRORNET
m5n.12xlarge	FT	D	8	4.52802
m5n.12xlarge	FT	D	16	ERRORNET
m5n.12xlarge	FT	D	32	DONOTEXIST
m5n.12xlarge	FT	E	1	ERRORMEM
m5n.12xlarge	FT	E	2	ERRORMEM
m5n.12xlarge	FT	E	4	ERRORMEM
m5n.12xlarge	FT	E	8	44.5787
m5n.12xlarge	FT	E	16	24.4791
m5n.12xlarge	FT	E	32	DONOTEXIST
m5n.24xlarge	CG	C	1	ERRORPOW
m5n.24xlarge	CG	C	2	ERRORPOW
m5n.24xlarge	CG	C	4	ERRORPOW
m5n.24xlarge	CG	C	8	DONOTEXIST
m5n.24xlarge	CG	C	16	DONOTEXIST
m5n.24xlarge	CG	C	32	DONOTEXIST
m5n.24xlarge	CG	D	1	ERRORPOW
m5n.24xlarge	CG	D	2	ERRORPOW
m5n.24xlarge	CG	D	4	ERRORPOW
m5n.24xlarge	CG	D	8	DONOTEXIST
m5n.24xlarge	CG	D	16	DONOTEXIST
m5n.24xlarge	CG	D	32	DONOTEXIST
m5n.24xlarge	CG	E	1	ERRORPOW
m5n.24xlarge	CG	E	2	ERRORPOW
m5n.24xlarge	CG	E	4	ERRORPOW
m5n.24xlarge	CG	E	8	DONOTEXIST
m5n.24xlarge	CG	E	16	DONOTEXIST
m5n.24xlarge	CG	E	32	DONOTEXIST
m5n.24xlarge	MG	C	1	0.120885
m5n.24xlarge	MG	C	2	0.0865828
m5n.24xlarge	MG	C	4	0.0446448
m5n.24xlarge	MG	C	8	DONOTEXIST
m5n.24xlarge	MG	C	16	DONOTEXIST
m5n.24xlarge	MG	C	32	DONOTEXIST
m5n.24xlarge	MG	D	1	1.25217
m5n.24xlarge	MG	D	2	0.856415
m5n.24xlarge	MG	D	4	0.445549
m5n.24xlarge	MG	D	8	DONOTEXIST
m5n.24xlarge	MG	D	16	DONOTEXIST
m5n.24xlarge	MG	D	32	DONOTEXIST
m5n.24xlarge	MG	E	1	9.99919
m5n.24xlarge	MG	E	2	6.52543
m5n.24xlarge	MG	E	4	3.52341
m5n.24xlarge	MG	E	8	DONOTEXIST
m5n.24xlarge	MG	E	16	DONOTEXIST
m5n.24xlarge	MG	E	32	DONOTEXIST
m5n.24xlarge	EP	C	1	0.003701
m5n.24xlarge	EP	C	2	0.00349
m5n.24xlarge	EP	C	4	0.003374
m5n.24xlarge	EP	C	8	DONOTEXIST
m5n.24xlarge	EP	C	16	DONOTEXIST
m5n.24xlarge	EP	C	32	DONOTEXIST
m5n.24xlarge	EP	D	1	0.003739
m5n.24xlarge	EP	D	2	0.0037118
m5n.24xlarge	EP	D	4	0.0037222
m5n.24xlarge	EP	D	8	DONOTEXIST
m5n.24xlarge	EP	D	16	DONOTEXIST
m5n.24xlarge	EP	D	32	DONOTEXIST
m5n.24xlarge	EP	E	1	0.003724
m5n.24xlarge	EP	E	2	0.003311
m5n.24xlarge	EP	E	4	0.0049994
m5n.24xlarge	EP	E	8	DONOTEXIST
m5n.24xlarge	EP	E	16	DONOTEXIST
m5n.24xlarge	EP	E	32	DONOTEXIST
m5n.24xlarge	IS	C	1	ERRORPOW
m5n.24xlarge	IS	C	2	ERRORPOW
m5n.24xlarge	IS	C	4	ERRORPOW
m5n.24xlarge	IS	C	8	DONOTEXIST
m5n.24xlarge	IS	C	16	DONOTEXIST
m5n.24xlarge	IS	C	32	DONOTEXIST
m5n.24xlarge	IS	D	1	ERRORPOW
m5n.24xlarge	IS	D	2	ERRORPOW
m5n.24xlarge	IS	D	4	ERRORPOW
m5n.24xlarge	IS	D	8	DONOTEXIST
m5n.24xlarge	IS	D	16	DONOTEXIST
m5n.24xlarge	IS	D	32	DONOTEXIST
m5n.24xlarge	IS	E	1	ERRORPOW
m5n.24xlarge	IS	E	2	ERRORPOW
m5n.24xlarge	IS	E	4	ERRORPOW
m5n.24xlarge	IS	E	8	DONOTEXIST
m5n.24xlarge	IS	E	16	DONOTEXIST
m5n.24xlarge	IS	E	32	DONOTEXIST
m5n.24xlarge	FT	C	1	0.375022
m5n.24xlarge	FT	C	2	ERRORNET
m5n.24xlarge	FT	C	4	ERRORNET
m5n.24xlarge	FT	C	8	DONOTEXIST
m5n.24xlarge	FT	C	16	DONOTEXIST
m5n.24xlarge	FT	C	32	DONOTEXIST
m5n.24xlarge	FT	D	1	8.27214
m5n.24xlarge	FT	D	2	5.05048
m5n.24xlarge	FT	D	4	ERRORNET
m5n.24xlarge	FT	D	8	DONOTEXIST
m5n.24xlarge	FT	D	16	DONOTEXIST
m5n.24xlarge	FT	D	32	DONOTEXIST
m5n.24xlarge	FT	E	1	ERRORMEM
m5n.24xlarge	FT	E	2	ERRORMEM
m5n.24xlarge	FT	E	4	41.8519
m5n.24xlarge	FT	E	8	DONOTEXIST
m5n.24xlarge	FT	E	16	DONOTEXIST
m5n.24xlarge	FT	E	32	DONOTEXIST
m5n.2xlarge	CG	C	1	0.322573
m5n.2xlarge	CG	C	2	0.205339
m5n.2xlarge	CG	C	4	0.107821
m5n.2xlarge	CG	C	8	0.072927
m5n.2xlarge	CG	C	16	0.17459
m5n.2xlarge	CG	C	32	0.945111
m5n.2xlarge	CG	D	1	18.8575
m5n.2xlarge	CG	D	2	10.423
m5n.2xlarge	CG	D	4	4.85069
m5n.2xlarge	CG	D	8	2.64748
m5n.2xlarge	CG	D	16	1.62925
m5n.2xlarge	CG	D	32	1.80586
m5n.2xlarge	CG	E	1	ERRORMEM
m5n.2xlarge	CG	E	2	ERRORMEM
m5n.2xlarge	CG	E	4	ERRORMEM
m5n.2xlarge	CG	E	8	55.6338
m5n.2xlarge	CG	E	16	42.1892
m5n.2xlarge	CG	E	32	22.9767
m5n.2xlarge	MG	C	1	0.427707
m5n.2xlarge	MG	C	2	0.236477
m5n.2xlarge	MG	C	4	0.156338
m5n.2xlarge	MG	C	8	0.0757862
m5n.2xlarge	MG	C	16	0.0946538
m5n.2xlarge	MG	C	32	ERRORNET
m5n.2xlarge	MG	D	1	3.93768
m5n.2xlarge	MG	D	2	2.12122
m5n.2xlarge	MG	D	4	1.37911
m5n.2xlarge	MG	D	8	0.574227
m5n.2xlarge	MG	D	16	0.86678
m5n.2xlarge	MG	D	32	ERRORNET
m5n.2xlarge	MG	E	1	ERRORSEG
m5n.2xlarge	MG	E	2	ERRORSEG
m5n.2xlarge	MG	E	4	ERRORSEG
m5n.2xlarge	MG	E	8	4.93072
m5n.2xlarge	MG	E	16	6.46906
m5n.2xlarge	MG	E	32	ERRORNET
m5n.2xlarge	EP	C	1	0.003608
m5n.2xlarge	EP	C	2	0.003635
m5n.2xlarge	EP	C	4	0.0036444
m5n.2xlarge	EP	C	8	0.0037998
m5n.2xlarge	EP	C	16	0.0038968
m5n.2xlarge	EP	C	32	0.003978
m5n.2xlarge	EP	D	1	0.003625
m5n.2xlarge	EP	D	2	0.0036452
m5n.2xlarge	EP	D	4	0.0037702
m5n.2xlarge	EP	D	8	0.0038128
m5n.2xlarge	EP	D	16	0.0039212
m5n.2xlarge	EP	D	32	0.0045266
m5n.2xlarge	EP	E	1	0.0035828
m5n.2xlarge	EP	E	2	0.003586
m5n.2xlarge	EP	E	4	0.0037194
m5n.2xlarge	EP	E	8	0.003782
m5n.2xlarge	EP	E	16	0.003808
m5n.2xlarge	EP	E	32	0.0038892
m5n.2xlarge	IS	C	1	0.202245
m5n.2xlarge	IS	C	2	0.168151
m5n.2xlarge	IS	C	4	0.0978385
m5n.2xlarge	IS	C	8	0.0665987
m5n.2xlarge	IS	C	16	0.0574298
m5n.2xlarge	IS	C	32	0.0792542
m5n.2xlarge	IS	D	1	4.03886
m5n.2xlarge	IS	D	2	3.36279
m5n.2xlarge	IS	D	4	2.01349
m5n.2xlarge	IS	D	8	1.20013
m5n.2xlarge	IS	D	16	1.07859
m5n.2xlarge	IS	D	32	1.19803
m5n.2xlarge	IS	E	1	ERRORNUM
m5n.2xlarge	IS	E	2	ERRORNUM
m5n.2xlarge	IS	E	4	ERRORNUM
m5n.2xlarge	IS	E	8	ERRORMEM
m5n.2xlarge	IS	E	16	24.8226
m5n.2xlarge	IS	E	32	17.7899
m5n.2xlarge	FT	C	1	1.95609
m5n.2xlarge	FT	C	2	1.27307
m5n.2xlarge	FT	C	4	0.684287
m5n.2xlarge	FT	C	8	0.375766
m5n.2xlarge	FT	C	16	ERRORNET
m5n.2xlarge	FT	C	32	ERRORNET
m5n.2xlarge	FT	D	1	ERRORMEM
m5n.2xlarge	FT	D	2	ERRORMEM
m5n.2xlarge	FT	D	4	12.8603
m5n.2xlarge	FT	D	8	6.82009
m5n.2xlarge	FT	D	16	ERRORNET
m5n.2xlarge	FT	D	32	ERRORNET
m5n.2xlarge	FT	E	1	ERRORSEG
m5n.2xlarge	FT	E	2	ERRORMEM
m5n.2xlarge	FT	E	4	ERRORMEM
m5n.2xlarge	FT	E	8	ERRORMEM
m5n.2xlarge	FT	E	16	ERRORMEM
m5n.2xlarge	FT	E	32	47.4764
m5n.4xlarge	CG	C	1	0.183307
m5n.4xlarge	CG	C	2	0.109207
m5n.4xlarge	CG	C	4	0.0757866
m5n.4xlarge	CG	C	8	0.0511308
m5n.4xlarge	CG	C	16	0.049288
m5n.4xlarge	CG	C	32	DONOTEXIST
m5n.4xlarge	CG	D	1	14.7571
m5n.4xlarge	CG	D	2	5.08817
m5n.4xlarge	CG	D	4	2.71668
m5n.4xlarge	CG	D	8	1.29095
m5n.4xlarge	CG	D	16	0.998322
m5n.4xlarge	CG	D	32	DONOTEXIST
m5n.4xlarge	CG	E	1	ERRORMEM
m5n.4xlarge	CG	E	2	ERRORMEM
m5n.4xlarge	CG	E	4	58.7174
m5n.4xlarge	CG	E	8	30.708
m5n.4xlarge	CG	E	16	22.2281
m5n.4xlarge	CG	E	32	DONOTEXIST
m5n.4xlarge	MG	C	1	0.289179
m5n.4xlarge	MG	C	2	0.156018
m5n.4xlarge	MG	C	4	0.0775556
m5n.4xlarge	MG	C	8	0.0642832
m5n.4xlarge	MG	C	16	0.0892786
m5n.4xlarge	MG	C	32	DONOTEXIST
m5n.4xlarge	MG	D	1	2.52117
m5n.4xlarge	MG	D	2	1.38927
m5n.4xlarge	MG	D	4	0.608978
m5n.4xlarge	MG	D	8	0.563944
m5n.4xlarge	MG	D	16	ERRORNET
m5n.4xlarge	MG	D	32	DONOTEXIST
m5n.4xlarge	MG	E	1	ERRORSEG
m5n.4xlarge	MG	E	2	ERRORSEG
m5n.4xlarge	MG	E	4	5.1915
m5n.4xlarge	MG	E	8	4.30273
m5n.4xlarge	MG	E	16	ERRORNET
m5n.4xlarge	MG	E	32	DONOTEXIST
m5n.4xlarge	EP	C	1	0.0036284
m5n.4xlarge	EP	C	2	0.003658
m5n.4xlarge	EP	C	4	0.003773
m5n.4xlarge	EP	C	8	0.003851
m5n.4xlarge	EP	C	16	0.003788
m5n.4xlarge	EP	C	32	DONOTEXIST
m5n.4xlarge	EP	D	1	0.00382
m5n.4xlarge	EP	D	2	0.0037392
m5n.4xlarge	EP	D	4	0.0038712
m5n.4xlarge	EP	D	8	0.003814
m5n.4xlarge	EP	D	16	0.0040446
m5n.4xlarge	EP	D	32	DONOTEXIST
m5n.4xlarge	EP	E	1	0.0036568
m5n.4xlarge	EP	E	2	0.0038224
m5n.4xlarge	EP	E	4	0.003602
m5n.4xlarge	EP	E	8	0.0039264
m5n.4xlarge	EP	E	16	0.0038114
m5n.4xlarge	EP	E	32	DONOTEXIST
m5n.4xlarge	IS	C	1	0.110176
m5n.4xlarge	IS	C	2	0.0966228
m5n.4xlarge	IS	C	4	0.0642998
m5n.4xlarge	IS	C	8	0.050182
m5n.4xlarge	IS	C	16	0.0714256
m5n.4xlarge	IS	C	32	DONOTEXIST
m5n.4xlarge	IS	D	1	2.34216
m5n.4xlarge	IS	D	2	2.0097
m5n.4xlarge	IS	D	4	1.32934
m5n.4xlarge	IS	D	8	0.903896
m5n.4xlarge	IS	D	16	0.620478
m5n.4xlarge	IS	D	32	DONOTEXIST
m5n.4xlarge	IS	E	1	ERRORNUM
m5n.4xlarge	IS	E	2	ERRORNUM
m5n.4xlarge	IS	E	4	ERRORMEM
m5n.4xlarge	IS	E	8	19.0902
m5n.4xlarge	IS	E	16	16.8488
m5n.4xlarge	IS	E	32	DONOTEXIST
m5n.4xlarge	FT	C	1	1.06994
m5n.4xlarge	FT	C	2	0.69201
m5n.4xlarge	FT	C	4	0.396229
m5n.4xlarge	FT	C	8	0.245883
m5n.4xlarge	FT	C	16	ERRORNET
m5n.4xlarge	FT	C	32	DONOTEXIST
m5n.4xlarge	FT	D	1	ERRORMEM
m5n.4xlarge	FT	D	2	13.1329
m5n.4xlarge	FT	D	4	7.34861
m5n.4xlarge	FT	D	8	4.32587
m5n.4xlarge	FT	D	16	ERRORNET
m5n.4xlarge	FT	D	32	DONOTEXIST
m5n.4xlarge	FT	E	1	ERRORMEM
m5n.4xlarge	FT	E	2	ERRORMEM
m5n.4xlarge	FT	E	4	ERRORMEM
m5n.4xlarge	FT	E	8	ERRORMEM
m5n.4xlarge	FT	E	16	46.9021
m5n.4xlarge	FT	E	32	DONOTEXIST
m5n.8xlarge	CG	C	1	0.120717
m5n.8xlarge	CG	C	2	0.0923914
m5n.8xlarge	CG	C	4	0.0542846
m5n.8xlarge	CG	C	8	0.0461274
m5n.8xlarge	CG	C	16	0.0350986
m5n.8xlarge	CG	C	32	DONOTEXIST
m5n.8xlarge	CG	D	1	7.21879
m5n.8xlarge	CG	D	2	3.82897
m5n.8xlarge	CG	D	4	1.33101
m5n.8xlarge	CG	D	8	1.33284
m5n.8xlarge	CG	D	16	1.26422
m5n.8xlarge	CG	D	32	DONOTEXIST
m5n.8xlarge	CG	E	1	ERRORMEM
m5n.8xlarge	CG	E	2	69.9003
m5n.8xlarge	CG	E	4	30.8935
m5n.8xlarge	CG	E	8	16.6276
m5n.8xlarge	CG	E	16	6.64683
m5n.8xlarge	CG	E	32	DONOTEXIST
m5n.8xlarge	MG	C	1	0.25964
m5n.8xlarge	MG	C	2	0.113348
m5n.8xlarge	MG	C	4	0.0684942
m5n.8xlarge	MG	C	8	0.096242
m5n.8xlarge	MG	C	16	ERRORNET
m5n.8xlarge	MG	C	32	DONOTEXIST
m5n.8xlarge	MG	D	1	2.22966
m5n.8xlarge	MG	D	2	1.05605
m5n.8xlarge	MG	D	4	0.563762
m5n.8xlarge	MG	D	8	0.386339
m5n.8xlarge	MG	D	16	0.128595
m5n.8xlarge	MG	D	32	DONOTEXIST
m5n.8xlarge	MG	E	1	ERRORSEG
m5n.8xlarge	MG	E	2	8.23322
m5n.8xlarge	MG	E	4	DONOTEXIST
m5n.8xlarge	MG	E	8	2.35337
m5n.8xlarge	MG	E	16	1.07349
m5n.8xlarge	MG	E	32	DONOTEXIST
m5n.8xlarge	EP	C	1	0.0036834
m5n.8xlarge	EP	C	2	0.0039292
m5n.8xlarge	EP	C	4	0.0037438
m5n.8xlarge	EP	C	8	0.0037934
m5n.8xlarge	EP	C	16	0.0037524
m5n.8xlarge	EP	C	32	DONOTEXIST
m5n.8xlarge	EP	D	1	0.0036016
m5n.8xlarge	EP	D	2	0.0037434
m5n.8xlarge	EP	D	4	0.0038968
m5n.8xlarge	EP	D	8	0.003863
m5n.8xlarge	EP	D	16	0.0040646
m5n.8xlarge	EP	D	32	DONOTEXIST
m5n.8xlarge	EP	E	1	0.0036344
m5n.8xlarge	EP	E	2	0.003942
m5n.8xlarge	EP	E	4	0.0040458
m5n.8xlarge	EP	E	8	0.0037748
m5n.8xlarge	EP	E	16	0.0036638
m5n.8xlarge	EP	E	32	DONOTEXIST
m5n.8xlarge	IS	C	1	0.0648822
m5n.8xlarge	IS	C	2	0.0624428
m5n.8xlarge	IS	C	4	0.0437838
m5n.8xlarge	IS	C	8	0.0637678
m5n.8xlarge	IS	C	16	0.216522
m5n.8xlarge	IS	C	32	DONOTEXIST
m5n.8xlarge	IS	D	1	1.61703
m5n.8xlarge	IS	D	2	1.4076
m5n.8xlarge	IS	D	4	0.898443
m5n.8xlarge	IS	D	8	0.574529
m5n.8xlarge	IS	D	16	1.09171
m5n.8xlarge	IS	D	32	DONOTEXIST
m5n.8xlarge	IS	E	1	ERRORNUM
m5n.8xlarge	IS	E	2	ERRORMEM
m5n.8xlarge	IS	E	4	DONOTEXIST
m5n.8xlarge	IS	E	8	10.9606
m5n.8xlarge	IS	E	16	6.68245
m5n.8xlarge	IS	E	32	DONOTEXIST
m5n.8xlarge	FT	C	1	0.630699
m5n.8xlarge	FT	C	2	0.42155
m5n.8xlarge	FT	C	4	0.248517
m5n.8xlarge	FT	C	8	0.190814
m5n.8xlarge	FT	C	16	0.314672
m5n.8xlarge	FT	C	32	DONOTEXIST
m5n.8xlarge	FT	D	1	12.7803
m5n.8xlarge	FT	D	2	8.09922
m5n.8xlarge	FT	D	4	4.57947
m5n.8xlarge	FT	D	8	2.42173
m5n.8xlarge	FT	D	16	1.50818
m5n.8xlarge	FT	D	32	DONOTEXIST
m5n.8xlarge	FT	E	1	ERRORMEM
m5n.8xlarge	FT	E	2	ERRORMEM
m5n.8xlarge	FT	E	4	ERRORMEM
m5n.8xlarge	FT	E	8	28.6845
m5n.8xlarge	FT	E	16	14.6223
m5n.8xlarge	FT	E	32	DONOTEXIST
m5n.large	CG	C	1	2.7985
m5n.large	CG	C	2	1.45948
m5n.large	CG	C	4	0.382017
m5n.large	CG	C	8	0.231931
m5n.large	CG	C	16	0.137912
m5n.large	CG	C	32	0.11924
m5n.large	CG	D	1	ERRORMEM
m5n.large	CG	D	2	ERRORMEM
m5n.large	CG	D	4	18.859
m5n.large	CG	D	8	12.4891
m5n.large	CG	D	16	5.15862
m5n.large	CG	D	32	3.80061
m5n.large	CG	E	1	ERROROVER
m5n.large	CG	E	2	ERRORMEM
m5n.large	CG	E	4	ERRORMEM
m5n.large	CG	E	8	ERRORMEM
m5n.large	CG	E	16	ERRORMEM
m5n.large	CG	E	32	67.574
m5n.large	MG	C	1	1.66612
m5n.large	MG	C	2	0.962144
m5n.large	MG	C	4	0.45356
m5n.large	MG	C	8	0.25926
m5n.large	MG	C	16	0.15673
m5n.large	MG	C	32	0.113844
m5n.large	MG	D	1	ERRORSEG
m5n.large	MG	D	2	ERRORSEG
m5n.large	MG	D	4	3.90436
m5n.large	MG	D	8	2.22109
m5n.large	MG	D	16	1.3221
m5n.large	MG	D	32	0.954841
m5n.large	MG	E	1	ERRORSEG
m5n.large	MG	E	2	ERRORSEG
m5n.large	MG	E	4	ERRORMEM
m5n.large	MG	E	8	ERRORSEG
m5n.large	MG	E	16	ERRORSEG
m5n.large	MG	E	32	7.43841
m5n.large	EP	C	1	0.0036976
m5n.large	EP	C	2	0.0036944
m5n.large	EP	C	4	0.0038272
m5n.large	EP	C	8	0.0038422
m5n.large	EP	C	16	0.0040516
m5n.large	EP	C	32	0.0045472
m5n.large	EP	D	1	0.0036732
m5n.large	EP	D	2	0.003646
m5n.large	EP	D	4	0.003828
m5n.large	EP	D	8	0.0039592
m5n.large	EP	D	16	0.0038004
m5n.large	EP	D	32	0.0039988
m5n.large	EP	E	1	0.0035858
m5n.large	EP	E	2	0.0038696
m5n.large	EP	E	4	0.003651
m5n.large	EP	E	8	0.0038734
m5n.large	EP	E	16	0.0040538
m5n.large	EP	E	32	0.0038544
m5n.large	IS	C	1	0.748147
m5n.large	IS	C	2	0.534271
m5n.large	IS	C	4	0.30238
m5n.large	IS	C	8	0.163878
m5n.large	IS	C	16	0.093754
m5n.large	IS	C	32	0.0675014
m5n.large	IS	D	1	ERRORNUM
m5n.large	IS	D	2	ERRORMEM
m5n.large	IS	D	4	5.55042
m5n.large	IS	D	8	3.22105
m5n.large	IS	D	16	1.93927
m5n.large	IS	D	32	1.35336
m5n.large	IS	E	1	ERRORNUM
m5n.large	IS	E	2	ERRORNUM
m5n.large	IS	E	4	ERRORNUM
m5n.large	IS	E	8	ERRORNUM
m5n.large	IS	E	16	ERRORNUM
m5n.large	IS	E	32	ERRORMEM
m5n.large	FT	C	1	7.62744
m5n.large	FT	C	2	4.4334
m5n.large	FT	C	4	2.34292
m5n.large	FT	C	8	1.24551
m5n.large	FT	C	16	0.674574
m5n.large	FT	C	32	ERRORNET
m5n.large	FT	D	1	ERRORMEM
m5n.large	FT	D	2	ERRORMEM
m5n.large	FT	D	4	ERRORMEM
m5n.large	FT	D	8	ERRORMEM
m5n.large	FT	D	16	12.7014
m5n.large	FT	D	32	ERRORNET
m5n.large	FT	E	1	ERRORSEG
m5n.large	FT	E	2	ERRORSEG
m5n.large	FT	E	4	ERRORSEG
m5n.large	FT	E	8	ERRORMEM
m5n.large	FT	E	16	ERRORMEM
m5n.large	FT	E	32	ERRORMEM
m5n.xlarge	CG	C	1	1.37666
m5n.xlarge	CG	C	2	0.338262
m5n.xlarge	CG	C	4	0.196656
m5n.xlarge	CG	C	8	0.121854
m5n.xlarge	CG	C	16	0.0962952
m5n.xlarge	CG	C	32	0.101154
m5n.xlarge	CG	D	1	ERRORMEM
m5n.xlarge	CG	D	2	18.2097
m5n.xlarge	CG	D	4	9.41069
m5n.xlarge	CG	D	8	4.8146
m5n.xlarge	CG	D	16	2.80523
m5n.xlarge	CG	D	32	1.66986
m5n.xlarge	CG	E	1	ERRORMEM
m5n.xlarge	CG	E	2	ERRORMEM
m5n.xlarge	CG	E	4	ERRORMEM
m5n.xlarge	CG	E	8	ERRORMEM
m5n.xlarge	CG	E	16	57.4741
m5n.xlarge	CG	E	32	40.6942
m5n.xlarge	MG	C	1	0.92523
m5n.xlarge	MG	C	2	0.423266
m5n.xlarge	MG	C	4	0.227212
m5n.xlarge	MG	C	8	0.143898
m5n.xlarge	MG	C	16	0.081366
m5n.xlarge	MG	C	32	0.09145
m5n.xlarge	MG	D	1	ERRORSEG
m5n.xlarge	MG	D	2	3.60219
m5n.xlarge	MG	D	4	1.91591
m5n.xlarge	MG	D	8	1.23409
m5n.xlarge	MG	D	16	0.607094
m5n.xlarge	MG	D	32	0.812482
m5n.xlarge	MG	E	1	ERRORSEG
m5n.xlarge	MG	E	2	ERRORSEG
m5n.xlarge	MG	E	4	ERRORSEG
m5n.xlarge	MG	E	8	ERRORSEG
m5n.xlarge	MG	E	16	5.0355
m5n.xlarge	MG	E	32	5.99626
m5n.xlarge	EP	C	1	0.00353025
m5n.xlarge	EP	C	2	0.0035736
m5n.xlarge	EP	C	4	0.0037624
m5n.xlarge	EP	C	8	0.0037504
m5n.xlarge	EP	C	16	0.0039272
m5n.xlarge	EP	C	32	0.0039492
m5n.xlarge	EP	D	1	0.003547
m5n.xlarge	EP	D	2	0.00354775
m5n.xlarge	EP	D	4	0.0036488
m5n.xlarge	EP	D	8	0.0037326
m5n.xlarge	EP	D	16	0.0037926
m5n.xlarge	EP	D	32	0.0042254
m5n.xlarge	EP	E	1	0.0035574
m5n.xlarge	EP	E	2	0.0035358
m5n.xlarge	EP	E	4	0.0035896
m5n.xlarge	EP	E	8	0.00372925
m5n.xlarge	EP	E	16	0.0037516
m5n.xlarge	EP	E	32	0.003891
m5n.xlarge	IS	C	1	0.384787
m5n.xlarge	IS	C	2	0.30739
m5n.xlarge	IS	C	4	0.166626
m5n.xlarge	IS	C	8	0.0974587
m5n.xlarge	IS	C	16	0.0684165
m5n.xlarge	IS	C	32	0.0593835
m5n.xlarge	IS	D	1	ERRORMEM
m5n.xlarge	IS	D	2	5.23905
m5n.xlarge	IS	D	4	3.24589
m5n.xlarge	IS	D	8	2.03044
m5n.xlarge	IS	D	16	1.25049
m5n.xlarge	IS	D	32	0.998652
m5n.xlarge	IS	E	1	ERRORNUM
m5n.xlarge	IS	E	2	ERRORNUM
m5n.xlarge	IS	E	4	ERRORNUM
m5n.xlarge	IS	E	8	ERRORNUM
m5n.xlarge	IS	E	16	ERRORMEM
m5n.xlarge	IS	E	32	23.1837
m5n.xlarge	FT	C	1	3.79616
m5n.xlarge	FT	C	2	2.26432
m5n.xlarge	FT	C	4	1.2451
m5n.xlarge	FT	C	8	0.678493
m5n.xlarge	FT	C	16	ERRORNET
m5n.xlarge	FT	C	32	ERRORNET
m5n.xlarge	FT	D	1	ERRORMEM
m5n.xlarge	FT	D	2	ERRORMEM
m5n.xlarge	FT	D	4	ERRORMEM
m5n.xlarge	FT	D	8	12.6254
m5n.xlarge	FT	D	16	ERRORNET
m5n.xlarge	FT	D	32	ERRORNET
m5n.xlarge	FT	E	1	ERRORSEG
m5n.xlarge	FT	E	2	ERRORSEG
m5n.xlarge	FT	E	4	ERRORMEM
m5n.xlarge	FT	E	8	ERRORMEM
m5n.xlarge	FT	E	16	ERRORMEM
m5n.xlarge	FT	E	32	ERRORMEM
r5.12xlarge	CG	C	1	DONOTEXIST
r5.12xlarge	CG	C	2	ERRORPOW
r5.12xlarge	CG	C	4	DONOTEXIST
r5.12xlarge	CG	C	8	DONOTEXIST
r5.12xlarge	CG	C	16	DONOTEXIST
r5.12xlarge	CG	C	32	DONOTEXIST
r5.12xlarge	CG	D	1	DONOTEXIST
r5.12xlarge	CG	D	2	ERRORPOW
r5.12xlarge	CG	D	4	DONOTEXIST
r5.12xlarge	CG	D	8	DONOTEXIST
r5.12xlarge	CG	D	16	DONOTEXIST
r5.12xlarge	CG	D	32	DONOTEXIST
r5.12xlarge	CG	E	1	ERRORPOW
r5.12xlarge	CG	E	2	ERRORPOW
r5.12xlarge	CG	E	4	DONOTEXIST
r5.12xlarge	CG	E	8	DONOTEXIST
r5.12xlarge	CG	E	16	DONOTEXIST
r5.12xlarge	CG	E	32	DONOTEXIST
r5.12xlarge	MG	C	1	DONOTEXIST
r5.12xlarge	MG	C	2	0.249693
r5.12xlarge	MG	C	4	DONOTEXIST
r5.12xlarge	MG	C	8	DONOTEXIST
r5.12xlarge	MG	C	16	DONOTEXIST
r5.12xlarge	MG	C	32	DONOTEXIST
r5.12xlarge	MG	D	1	2.18805
r5.12xlarge	MG	D	2	2.18931
r5.12xlarge	MG	D	4	DONOTEXIST
r5.12xlarge	MG	D	8	DONOTEXIST
r5.12xlarge	MG	D	16	DONOTEXIST
r5.12xlarge	MG	D	32	DONOTEXIST
r5.12xlarge	MG	E	1	ERRORSEG
r5.12xlarge	MG	E	2	ERRORSEG
r5.12xlarge	MG	E	4	ERRORSEG
r5.12xlarge	MG	E	8	DONOTEXIST
r5.12xlarge	MG	E	16	DONOTEXIST
r5.12xlarge	MG	E	32	DONOTEXIST
r5.12xlarge	EP	C	1	DONOTEXIST
r5.12xlarge	EP	C	2	0.0038834
r5.12xlarge	EP	C	4	DONOTEXIST
r5.12xlarge	EP	C	8	DONOTEXIST
r5.12xlarge	EP	C	16	DONOTEXIST
r5.12xlarge	EP	C	32	DONOTEXIST
r5.12xlarge	EP	D	1	DONOTEXIST
r5.12xlarge	EP	D	2	0.0039344
r5.12xlarge	EP	D	4	DONOTEXIST
r5.12xlarge	EP	D	8	DONOTEXIST
r5.12xlarge	EP	D	16	DONOTEXIST
r5.12xlarge	EP	D	32	DONOTEXIST
r5.12xlarge	EP	E	1	0.0037888
r5.12xlarge	EP	E	2	0.0038716
r5.12xlarge	EP	E	4	DONOTEXIST
r5.12xlarge	EP	E	8	DONOTEXIST
r5.12xlarge	EP	E	16	DONOTEXIST
r5.12xlarge	EP	E	32	DONOTEXIST
r5.12xlarge	IS	C	1	DONOTEXIST
r5.12xlarge	IS	C	2	ERRORPOW
r5.12xlarge	IS	C	4	DONOTEXIST
r5.12xlarge	IS	C	8	DONOTEXIST
r5.12xlarge	IS	C	16	DONOTEXIST
r5.12xlarge	IS	C	32	DONOTEXIST
r5.12xlarge	IS	D	1	DONOTEXIST
r5.12xlarge	IS	D	2	ERRORPOW
r5.12xlarge	IS	D	4	DONOTEXIST
r5.12xlarge	IS	D	8	DONOTEXIST
r5.12xlarge	IS	D	16	DONOTEXIST
r5.12xlarge	IS	D	32	DONOTEXIST
r5.12xlarge	IS	E	1	ERRORPOW
r5.12xlarge	IS	E	2	ERRORPOW
r5.12xlarge	IS	E	4	ERRORPOW
r5.12xlarge	IS	E	8	DONOTEXIST
r5.12xlarge	IS	E	16	DONOTEXIST
r5.12xlarge	IS	E	32	DONOTEXIST
r5.12xlarge	FT	C	1	DONOTEXIST
r5.12xlarge	FT	C	2	0.708686
r5.12xlarge	FT	C	4	DONOTEXIST
r5.12xlarge	FT	C	8	DONOTEXIST
r5.12xlarge	FT	C	16	DONOTEXIST
r5.12xlarge	FT	C	32	DONOTEXIST
r5.12xlarge	FT	D	1	DONOTEXIST
r5.12xlarge	FT	D	2	15.8254
r5.12xlarge	FT	D	4	DONOTEXIST
r5.12xlarge	FT	D	8	DONOTEXIST
r5.12xlarge	FT	D	16	DONOTEXIST
r5.12xlarge	FT	D	32	DONOTEXIST
r5.12xlarge	FT	E	1	ERRORMEM
r5.12xlarge	FT	E	2	ERRORMEM
r5.12xlarge	FT	E	4	ERRORMEM
r5.12xlarge	FT	E	8	DONOTEXIST
r5.12xlarge	FT	E	16	DONOTEXIST
r5.12xlarge	FT	E	32	DONOTEXIST
r5.24xlarge	CG	C	1	ERRORPOW
r5.24xlarge	CG	C	2	ERRORPOW
r5.24xlarge	CG	C	4	ERRORPOW
r5.24xlarge	CG	C	8	DONOTEXIST
r5.24xlarge	CG	C	16	DONOTEXIST
r5.24xlarge	CG	C	32	DONOTEXIST
r5.24xlarge	CG	D	1	ERRORPOW
r5.24xlarge	CG	D	2	ERRORPOW
r5.24xlarge	CG	D	4	ERRORPOW
r5.24xlarge	CG	D	8	DONOTEXIST
r5.24xlarge	CG	D	16	DONOTEXIST
r5.24xlarge	CG	D	32	DONOTEXIST
r5.24xlarge	CG	E	1	ERRORPOW
r5.24xlarge	CG	E	2	ERRORPOW
r5.24xlarge	CG	E	4	ERRORPOW
r5.24xlarge	CG	E	8	DONOTEXIST
r5.24xlarge	CG	E	16	DONOTEXIST
r5.24xlarge	CG	E	32	DONOTEXIST
r5.24xlarge	MG	C	1	0.115398
r5.24xlarge	MG	C	2	0.084227
r5.24xlarge	MG	C	4	0.0455898
r5.24xlarge	MG	C	8	DONOTEXIST
r5.24xlarge	MG	C	16	DONOTEXIST
r5.24xlarge	MG	C	32	DONOTEXIST
r5.24xlarge	MG	D	1	1.08242
r5.24xlarge	MG	D	2	0.822373
r5.24xlarge	MG	D	4	0.45189
r5.24xlarge	MG	D	8	DONOTEXIST
r5.24xlarge	MG	D	16	DONOTEXIST
r5.24xlarge	MG	D	32	DONOTEXIST
r5.24xlarge	MG	E	1	9.43253
r5.24xlarge	MG	E	2	6.30171
r5.24xlarge	MG	E	4	3.40118
r5.24xlarge	MG	E	8	DONOTEXIST
r5.24xlarge	MG	E	16	DONOTEXIST
r5.24xlarge	MG	E	32	DONOTEXIST
r5.24xlarge	EP	C	1	ERRORNET
r5.24xlarge	EP	C	2	0.005188
r5.24xlarge	EP	C	4	0.0037324
r5.24xlarge	EP	C	8	DONOTEXIST
r5.24xlarge	EP	C	16	DONOTEXIST
r5.24xlarge	EP	C	32	DONOTEXIST
r5.24xlarge	EP	D	1	0.0037212
r5.24xlarge	EP	D	2	0.003748
r5.24xlarge	EP	D	4	0.0037402
r5.24xlarge	EP	D	8	DONOTEXIST
r5.24xlarge	EP	D	16	DONOTEXIST
r5.24xlarge	EP	D	32	DONOTEXIST
r5.24xlarge	EP	E	1	0.00370133
r5.24xlarge	EP	E	2	0.0034218
r5.24xlarge	EP	E	4	0.003816
r5.24xlarge	EP	E	8	DONOTEXIST
r5.24xlarge	EP	E	16	DONOTEXIST
r5.24xlarge	EP	E	32	DONOTEXIST
r5.24xlarge	IS	C	1	ERRORPOW
r5.24xlarge	IS	C	2	ERRORPOW
r5.24xlarge	IS	C	4	ERRORPOW
r5.24xlarge	IS	C	8	DONOTEXIST
r5.24xlarge	IS	C	16	DONOTEXIST
r5.24xlarge	IS	C	32	DONOTEXIST
r5.24xlarge	IS	D	1	ERRORPOW
r5.24xlarge	IS	D	2	ERRORPOW
r5.24xlarge	IS	D	4	ERRORPOW
r5.24xlarge	IS	D	8	DONOTEXIST
r5.24xlarge	IS	D	16	DONOTEXIST
r5.24xlarge	IS	D	32	DONOTEXIST
r5.24xlarge	IS	E	1	ERRORPOW
r5.24xlarge	IS	E	2	ERRORPOW
r5.24xlarge	IS	E	4	ERRORPOW
r5.24xlarge	IS	E	8	DONOTEXIST
r5.24xlarge	IS	E	16	DONOTEXIST
r5.24xlarge	IS	E	32	DONOTEXIST
r5.24xlarge	FT	C	1	0.378284
r5.24xlarge	FT	C	2	0.280398
r5.24xlarge	FT	C	4	ERRORNET
r5.24xlarge	FT	C	8	DONOTEXIST
r5.24xlarge	FT	C	16	DONOTEXIST
r5.24xlarge	FT	C	32	DONOTEXIST
r5.24xlarge	FT	D	1	8.09822
r5.24xlarge	FT	D	2	5.72046
r5.24xlarge	FT	D	4	ERRORNET
r5.24xlarge	FT	D	8	DONOTEXIST
r5.24xlarge	FT	D	16	DONOTEXIST
r5.24xlarge	FT	D	32	DONOTEXIST
r5.24xlarge	FT	E	1	ERRORMEM
r5.24xlarge	FT	E	2	82.8597
r5.24xlarge	FT	E	4	49.5485
r5.24xlarge	FT	E	8	DONOTEXIST
r5.24xlarge	FT	E	16	DONOTEXIST
r5.24xlarge	FT	E	32	DONOTEXIST
r5.2xlarge	CG	C	1	0.326015
r5.2xlarge	CG	C	2	0.211656
r5.2xlarge	CG	C	4	0.107305
r5.2xlarge	CG	C	8	0.0820706
r5.2xlarge	CG	C	16	0.0757952
r5.2xlarge	CG	C	32	0.0698178
r5.2xlarge	CG	D	1	19.0688
r5.2xlarge	CG	D	2	14.8399
r5.2xlarge	CG	D	4	4.78848
r5.2xlarge	CG	D	8	2.61671
r5.2xlarge	CG	D	16	1.44628
r5.2xlarge	CG	D	32	1.00882
r5.2xlarge	CG	E	1	ERRORMEM
r5.2xlarge	CG	E	2	ERRORMEM
r5.2xlarge	CG	E	4	102.709
r5.2xlarge	CG	E	8	52.062
r5.2xlarge	CG	E	16	24.8834
r5.2xlarge	CG	E	32	14.4948
r5.2xlarge	MG	C	1	0.430365
r5.2xlarge	MG	C	2	0.241694
r5.2xlarge	MG	C	4	0.134485
r5.2xlarge	MG	C	8	0.0699222
r5.2xlarge	MG	C	16	0.0504952
r5.2xlarge	MG	C	32	0.0306808
r5.2xlarge	MG	D	1	3.94643
r5.2xlarge	MG	D	2	2.13907
r5.2xlarge	MG	D	4	1.13861
r5.2xlarge	MG	D	8	0.476104
r5.2xlarge	MG	D	16	0.314727
r5.2xlarge	MG	D	32	0.175732
r5.2xlarge	MG	E	1	ERRORSEG
r5.2xlarge	MG	E	2	ERRORSEG
r5.2xlarge	MG	E	4	ERRORSEG
r5.2xlarge	MG	E	8	4.13254
r5.2xlarge	MG	E	16	2.58871
r5.2xlarge	MG	E	32	1.44875
r5.2xlarge	EP	C	1	0.0037496
r5.2xlarge	EP	C	2	0.0037632
r5.2xlarge	EP	C	4	0.0037568
r5.2xlarge	EP	C	8	0.0039574
r5.2xlarge	EP	C	16	0.0038412
r5.2xlarge	EP	C	32	0.0038666
r5.2xlarge	EP	D	1	0.0037374
r5.2xlarge	EP	D	2	0.0038214
r5.2xlarge	EP	D	4	0.0038172
r5.2xlarge	EP	D	8	0.0037288
r5.2xlarge	EP	D	16	0.0037972
r5.2xlarge	EP	D	32	0.0038218
r5.2xlarge	EP	E	1	0.003793
r5.2xlarge	EP	E	2	0.0038554
r5.2xlarge	EP	E	4	0.0037824
r5.2xlarge	EP	E	8	0.0036914
r5.2xlarge	EP	E	16	0.0036732
r5.2xlarge	EP	E	32	0.0038618
r5.2xlarge	IS	C	1	0.209157
r5.2xlarge	IS	C	2	0.20363
r5.2xlarge	IS	C	4	0.127399
r5.2xlarge	IS	C	8	0.076144
r5.2xlarge	IS	C	16	0.0568473
r5.2xlarge	IS	C	32	0.0805755
r5.2xlarge	IS	D	1	4.0703
r5.2xlarge	IS	D	2	3.93955
r5.2xlarge	IS	D	4	2.60597
r5.2xlarge	IS	D	8	1.52873
r5.2xlarge	IS	D	16	0.928589
r5.2xlarge	IS	D	32	0.731514
r5.2xlarge	IS	E	1	ERRORNUM
r5.2xlarge	IS	E	2	ERRORNUM
r5.2xlarge	IS	E	4	ERRORNUM
r5.2xlarge	IS	E	8	28.2968
r5.2xlarge	IS	E	16	16.6646
r5.2xlarge	IS	E	32	9.36364
r5.2xlarge	FT	C	1	2.06478
r5.2xlarge	FT	C	2	1.45596
r5.2xlarge	FT	C	4	0.81451
r5.2xlarge	FT	C	8	0.435087
r5.2xlarge	FT	C	16	0.277292
r5.2xlarge	FT	C	32	0.415875
r5.2xlarge	FT	D	1	ERRORMEM
r5.2xlarge	FT	D	2	27.2436
r5.2xlarge	FT	D	4	15.2124
r5.2xlarge	FT	D	8	8.01823
r5.2xlarge	FT	D	16	4.62939
r5.2xlarge	FT	D	32	2.57657
r5.2xlarge	FT	E	1	ERRORSEG
r5.2xlarge	FT	E	2	ERRORMEM
r5.2xlarge	FT	E	4	ERRORMEM
r5.2xlarge	FT	E	8	ERRORMEM
r5.2xlarge	FT	E	16	42.5399
r5.2xlarge	FT	E	32	ERRORNET
r5.4xlarge	CG	C	1	0.19194
r5.4xlarge	CG	C	2	0.109427
r5.4xlarge	CG	C	4	0.0913872
r5.4xlarge	CG	C	8	0.0593256
r5.4xlarge	CG	C	16	0.0585134
r5.4xlarge	CG	C	32	DONOTEXIST
r5.4xlarge	CG	D	1	17.3154
r5.4xlarge	CG	D	2	5.01447
r5.4xlarge	CG	D	4	3.07276
r5.4xlarge	CG	D	8	1.52917
r5.4xlarge	CG	D	16	1.04304
r5.4xlarge	CG	D	32	DONOTEXIST
r5.4xlarge	CG	E	1	ERRORMEM
r5.4xlarge	CG	E	2	115.625
r5.4xlarge	CG	E	4	64.5501
r5.4xlarge	CG	E	8	31.8083
r5.4xlarge	CG	E	16	18.3515
r5.4xlarge	CG	E	32	DONOTEXIST
r5.4xlarge	MG	C	1	0.319397
r5.4xlarge	MG	C	2	0.154332
r5.4xlarge	MG	C	4	0.0846368
r5.4xlarge	MG	C	8	0.157487
r5.4xlarge	MG	C	16	0.0407508
r5.4xlarge	MG	C	32	DONOTEXIST
r5.4xlarge	MG	D	1	2.7654
r5.4xlarge	MG	D	2	1.3664
r5.4xlarge	MG	D	4	0.608362
r5.4xlarge	MG	D	8	0.685901
r5.4xlarge	MG	D	16	0.353252
r5.4xlarge	MG	D	32	DONOTEXIST
r5.4xlarge	MG	E	1	ERRORSEG
r5.4xlarge	MG	E	2	ERRORSEG
r5.4xlarge	MG	E	4	5.70029
r5.4xlarge	MG	E	8	4.33844
r5.4xlarge	MG	E	16	ERRORNET
r5.4xlarge	MG	E	32	DONOTEXIST
r5.4xlarge	EP	C	1	0.0037712
r5.4xlarge	EP	C	2	0.0037902
r5.4xlarge	EP	C	4	0.0038618
r5.4xlarge	EP	C	8	0.003817
r5.4xlarge	EP	C	16	0.0038926
r5.4xlarge	EP	C	32	DONOTEXIST
r5.4xlarge	EP	D	1	0.0037872
r5.4xlarge	EP	D	2	0.0036348
r5.4xlarge	EP	D	4	0.003963
r5.4xlarge	EP	D	8	0.0038472
r5.4xlarge	EP	D	16	0.0039846
r5.4xlarge	EP	D	32	DONOTEXIST
r5.4xlarge	EP	E	1	0.0039302
r5.4xlarge	EP	E	2	0.0037204
r5.4xlarge	EP	E	4	0.0038136
r5.4xlarge	EP	E	8	0.0039178
r5.4xlarge	EP	E	16	0.0038494
r5.4xlarge	EP	E	32	DONOTEXIST
r5.4xlarge	IS	C	1	0.122254
r5.4xlarge	IS	C	2	0.152342
r5.4xlarge	IS	C	4	0.107132
r5.4xlarge	IS	C	8	0.215201
r5.4xlarge	IS	C	16	0.119082
r5.4xlarge	IS	C	32	DONOTEXIST
r5.4xlarge	IS	D	1	2.42957
r5.4xlarge	IS	D	2	3.04375
r5.4xlarge	IS	D	4	2.06767
r5.4xlarge	IS	D	8	1.41741
r5.4xlarge	IS	D	16	1.0295
r5.4xlarge	IS	D	32	DONOTEXIST
r5.4xlarge	IS	E	1	ERRORNUM
r5.4xlarge	IS	E	2	ERRORNUM
r5.4xlarge	IS	E	4	40.4971
r5.4xlarge	IS	E	8	26.0407
r5.4xlarge	IS	E	16	13.8914
r5.4xlarge	IS	E	32	DONOTEXIST
r5.4xlarge	FT	C	1	1.12812
r5.4xlarge	FT	C	2	0.93456
r5.4xlarge	FT	C	4	0.581349
r5.4xlarge	FT	C	8	0.510466
r5.4xlarge	FT	C	16	0.422883
r5.4xlarge	FT	C	32	DONOTEXIST
r5.4xlarge	FT	D	1	22.3779
r5.4xlarge	FT	D	2	17.4809
r5.4xlarge	FT	D	4	10.4713
r5.4xlarge	FT	D	8	6.48582
r5.4xlarge	FT	D	16	ERRORNET
r5.4xlarge	FT	D	32	DONOTEXIST
r5.4xlarge	FT	E	1	ERRORMEM
r5.4xlarge	FT	E	2	ERRORMEM
r5.4xlarge	FT	E	4	ERRORMEM
r5.4xlarge	FT	E	8	66.3916
r5.4xlarge	FT	E	16	35.4429
r5.4xlarge	FT	E	32	DONOTEXIST
r5.8xlarge	CG	C	1	0.121435
r5.8xlarge	CG	C	2	0.103041
r5.8xlarge	CG	C	4	0.0659774
r5.8xlarge	CG	C	8	0.059346
r5.8xlarge	CG	C	16	0.0366972
r5.8xlarge	CG	C	32	DONOTEXIST
r5.8xlarge	CG	D	1	7.96295
r5.8xlarge	CG	D	2	4.50204
r5.8xlarge	CG	D	4	1.71845
r5.8xlarge	CG	D	8	1.27663
r5.8xlarge	CG	D	16	0.58586
r5.8xlarge	CG	D	32	DONOTEXIST
r5.8xlarge	CG	E	1	133.844
r5.8xlarge	CG	E	2	70.8665
r5.8xlarge	CG	E	4	34.4575
r5.8xlarge	CG	E	8	19.9371
r5.8xlarge	CG	E	16	8.6244
r5.8xlarge	CG	E	32	DONOTEXIST
r5.8xlarge	MG	C	1	0.261742
r5.8xlarge	MG	C	2	0.115323
r5.8xlarge	MG	C	4	0.065389
r5.8xlarge	MG	C	8	0.04075
r5.8xlarge	MG	C	16	0.0211002
r5.8xlarge	MG	C	32	DONOTEXIST
r5.8xlarge	MG	D	1	2.18419
r5.8xlarge	MG	D	2	1.04505
r5.8xlarge	MG	D	4	0.583581
r5.8xlarge	MG	D	8	0.309946
r5.8xlarge	MG	D	16	0.135669
r5.8xlarge	MG	D	32	DONOTEXIST
r5.8xlarge	MG	E	1	ERRORSEG
r5.8xlarge	MG	E	2	8.14072
r5.8xlarge	MG	E	4	4.41372
r5.8xlarge	MG	E	8	2.37607
r5.8xlarge	MG	E	16	1.11916
r5.8xlarge	MG	E	32	DONOTEXIST
r5.8xlarge	EP	C	1	0.0038866
r5.8xlarge	EP	C	2	0.004007
r5.8xlarge	EP	C	4	0.0039904
r5.8xlarge	EP	C	8	0.0040458
r5.8xlarge	EP	C	16	0.003559
r5.8xlarge	EP	C	32	DONOTEXIST
r5.8xlarge	EP	D	1	0.0037036
r5.8xlarge	EP	D	2	0.0037418
r5.8xlarge	EP	D	4	0.0037654
r5.8xlarge	EP	D	8	0.0041722
r5.8xlarge	EP	D	16	0.004126
r5.8xlarge	EP	D	32	DONOTEXIST
r5.8xlarge	EP	E	1	0.00389375
r5.8xlarge	EP	E	2	0.003991
r5.8xlarge	EP	E	4	0.0037374
r5.8xlarge	EP	E	8	0.0040652
r5.8xlarge	EP	E	16	0.0041766
r5.8xlarge	EP	E	32	DONOTEXIST
r5.8xlarge	IS	C	1	0.0713464
r5.8xlarge	IS	C	2	0.133224
r5.8xlarge	IS	C	4	0.0957464
r5.8xlarge	IS	C	8	0.104574
r5.8xlarge	IS	C	16	0.28196
r5.8xlarge	IS	C	32	DONOTEXIST
r5.8xlarge	IS	D	1	1.62468
r5.8xlarge	IS	D	2	2.56763
r5.8xlarge	IS	D	4	1.80109
r5.8xlarge	IS	D	8	1.24133
r5.8xlarge	IS	D	16	0.796036
r5.8xlarge	IS	D	32	DONOTEXIST
r5.8xlarge	IS	E	1	ERRORNUM
r5.8xlarge	IS	E	2	53.9526
r5.8xlarge	IS	E	4	34.7557
r5.8xlarge	IS	E	8	19.4587
r5.8xlarge	IS	E	16	12.5753
r5.8xlarge	IS	E	32	DONOTEXIST
r5.8xlarge	FT	C	1	0.646538
r5.8xlarge	FT	C	2	0.718813
r5.8xlarge	FT	C	4	0.509594
r5.8xlarge	FT	C	8	0.308551
r5.8xlarge	FT	C	16	ERRORNET
r5.8xlarge	FT	C	32	DONOTEXIST
r5.8xlarge	FT	D	1	13.1949
r5.8xlarge	FT	D	2	12.939
r5.8xlarge	FT	D	4	8.33231
r5.8xlarge	FT	D	8	4.72637
r5.8xlarge	FT	D	16	2.58335
r5.8xlarge	FT	D	32	DONOTEXIST
r5.8xlarge	FT	E	1	ERRORMEM
r5.8xlarge	FT	E	2	ERRORMEM
r5.8xlarge	FT	E	4	86.5986
r5.8xlarge	FT	E	8	46.615
r5.8xlarge	FT	E	16	24.2625
r5.8xlarge	FT	E	32	DONOTEXIST
r5.large	CG	C	1	2.63699
r5.large	CG	C	2	1.39287
r5.large	CG	C	4	0.361763
r5.large	CG	C	8	0.23649
r5.large	CG	C	16	0.131477
r5.large	CG	C	32	0.138717
r5.large	CG	D	1	ERRORMEM
r5.large	CG	D	2	42.902
r5.large	CG	D	4	18.4688
r5.large	CG	D	8	9.66713
r5.large	CG	D	16	4.74428
r5.large	CG	D	32	2.95051
r5.large	CG	E	1	ERROROVER
r5.large	CG	E	2	ERRORMEM
r5.large	CG	E	4	ERRORMEM
r5.large	CG	E	8	ERRORMEM
r5.large	CG	E	16	96.6644
r5.large	CG	E	32	DONOTEXIST
r5.large	MG	C	1	1.6012
r5.large	MG	C	2	0.880332
r5.large	MG	C	4	0.428825
r5.large	MG	C	8	0.231612
r5.large	MG	C	16	0.131005
r5.large	MG	C	32	0.0769254
r5.large	MG	D	1	ERRORSEG
r5.large	MG	D	2	ERRORSEG
r5.large	MG	D	4	3.51769
r5.large	MG	D	8	1.91918
r5.large	MG	D	16	1.08699
r5.large	MG	D	32	0.513615
r5.large	MG	E	1	ERRORSEG
r5.large	MG	E	2	ERRORSEG
r5.large	MG	E	4	ERRORSEG
r5.large	MG	E	8	ERRORSEG
r5.large	MG	E	16	ERRORSEG
r5.large	MG	E	32	4.31948
r5.large	EP	C	1	0.003465
r5.large	EP	C	2	0.003672
r5.large	EP	C	4	0.0033154
r5.large	EP	C	8	0.0035376
r5.large	EP	C	16	0.0037856
r5.large	EP	C	32	0.004573
r5.large	EP	D	1	0.0034078
r5.large	EP	D	2	0.0034082
r5.large	EP	D	4	0.003783
r5.large	EP	D	8	0.0035726
r5.large	EP	D	16	0.0036902
r5.large	EP	D	32	0.0036902
r5.large	EP	E	1	0.0033736
r5.large	EP	E	2	0.00336125
r5.large	EP	E	4	0.0037342
r5.large	EP	E	8	0.0033734
r5.large	EP	E	16	0.0033628
r5.large	EP	E	32	DONOTEXIST
r5.large	IS	C	1	0.722131
r5.large	IS	C	2	0.578742
r5.large	IS	C	4	0.294845
r5.large	IS	C	8	0.159449
r5.large	IS	C	16	0.0938883
r5.large	IS	C	32	0.0778264
r5.large	IS	D	1	ERRORNUM
r5.large	IS	D	2	10.5917
r5.large	IS	D	4	5.66843
r5.large	IS	D	8	3.17517
r5.large	IS	D	16	1.99295
r5.large	IS	D	32	1.27278
r5.large	IS	E	1	ERRORNUM
r5.large	IS	E	2	ERRORNUM
r5.large	IS	E	4	ERRORNUM
r5.large	IS	E	8	ERRORNUM
r5.large	IS	E	16	ERRORNUM
r5.large	IS	E	32	23.1188
r5.large	FT	C	1	7.18845
r5.large	FT	C	2	4.74003
r5.large	FT	C	4	ERRORNET
r5.large	FT	C	8	ERRORNET
r5.large	FT	C	16	0.658959
r5.large	FT	C	32	0.387878
r5.large	FT	D	1	ERRORMEM
r5.large	FT	D	2	ERRORMEM
r5.large	FT	D	4	ERRORMEM
r5.large	FT	D	8	23.7723
r5.large	FT	D	16	ERRORNET
r5.large	FT	D	32	ERRORNET
r5.large	FT	E	1	ERRORSEG
r5.large	FT	E	2	ERRORSEG
r5.large	FT	E	4	ERRORSEG
r5.large	FT	E	8	ERRORMEM
r5.large	FT	E	16	ERRORMEM
r5.large	FT	E	32	ERRORMEM
r5.xlarge	CG	C	1	1.38935
r5.xlarge	CG	C	2	0.355382
r5.xlarge	CG	C	4	0.204776
r5.xlarge	CG	C	8	0.119322
r5.xlarge	CG	C	16	0.0973596
r5.xlarge	CG	C	32	0.0775798
r5.xlarge	CG	D	1	47.6094
r5.xlarge	CG	D	2	19.5871
r5.xlarge	CG	D	4	10.0927
r5.xlarge	CG	D	8	4.75955
r5.xlarge	CG	D	16	2.69567
r5.xlarge	CG	D	32	1.32885
r5.xlarge	CG	E	1	ERRORMEM
r5.xlarge	CG	E	2	ERRORMEM
r5.xlarge	CG	E	4	ERRORMEM
r5.xlarge	CG	E	8	99.9531
r5.xlarge	CG	E	16	52.1181
r5.xlarge	CG	E	32	19.1746
r5.xlarge	MG	C	1	0.951448
r5.xlarge	MG	C	2	0.431074
r5.xlarge	MG	C	4	0.230614
r5.xlarge	MG	C	8	0.134926
r5.xlarge	MG	C	16	0.0683864
r5.xlarge	MG	C	32	0.044598
r5.xlarge	MG	D	1	ERRORSEG
r5.xlarge	MG	D	2	3.76929
r5.xlarge	MG	D	4	2.01582
r5.xlarge	MG	D	8	1.14728
r5.xlarge	MG	D	16	0.471492
r5.xlarge	MG	D	32	0.261148
r5.xlarge	MG	E	1	ERRORSEG
r5.xlarge	MG	E	2	ERRORSEG
r5.xlarge	MG	E	4	ERRORSEG
r5.xlarge	MG	E	8	ERRORSEG
r5.xlarge	MG	E	16	4.09687
r5.xlarge	MG	E	32	2.19695
r5.xlarge	EP	C	1	0.003728
r5.xlarge	EP	C	2	0.0037158
r5.xlarge	EP	C	4	0.003737
r5.xlarge	EP	C	8	0.0036838
r5.xlarge	EP	C	16	0.003789
r5.xlarge	EP	C	32	0.0039254
r5.xlarge	EP	D	1	0.003738
r5.xlarge	EP	D	2	0.0038464
r5.xlarge	EP	D	4	0.003835
r5.xlarge	EP	D	8	0.0038734
r5.xlarge	EP	D	16	0.0037884
r5.xlarge	EP	D	32	0.0041342
r5.xlarge	EP	E	1	0.0037216
r5.xlarge	EP	E	2	0.0037104
r5.xlarge	EP	E	4	0.003729
r5.xlarge	EP	E	8	0.0038314
r5.xlarge	EP	E	16	0.0038596
r5.xlarge	EP	E	32	0.0041374
r5.xlarge	IS	C	1	0.405656
r5.xlarge	IS	C	2	0.308582
r5.xlarge	IS	C	4	0.178437
r5.xlarge	IS	C	8	0.0978172
r5.xlarge	IS	C	16	0.0767997
r5.xlarge	IS	C	32	0.0524564
r5.xlarge	IS	D	1	7.96613
r5.xlarge	IS	D	2	5.7511
r5.xlarge	IS	D	4	3.56252
r5.xlarge	IS	D	8	2.14193
r5.xlarge	IS	D	16	1.27873
r5.xlarge	IS	D	32	0.733281
r5.xlarge	IS	E	1	ERRORNUM
r5.xlarge	IS	E	2	ERRORNUM
r5.xlarge	IS	E	4	ERRORNUM
r5.xlarge	IS	E	8	ERRORNUM
r5.xlarge	IS	E	16	22.9319
r5.xlarge	IS	E	32	12.8791
r5.xlarge	FT	C	1	4.09593
r5.xlarge	FT	C	2	2.44557
r5.xlarge	FT	C	4	1.33
r5.xlarge	FT	C	8	0.687893
r5.xlarge	FT	C	16	0.377599
r5.xlarge	FT	C	32	0.232486
r5.xlarge	FT	D	1	ERRORMEM
r5.xlarge	FT	D	2	ERRORMEM
r5.xlarge	FT	D	4	25.2093
r5.xlarge	FT	D	8	13.0343
r5.xlarge	FT	D	16	6.93652
r5.xlarge	FT	D	32	3.46237
r5.xlarge	FT	E	1	ERRORSEG
r5.xlarge	FT	E	2	ERRORSEG
r5.xlarge	FT	E	4	ERRORMEM
r5.xlarge	FT	E	8	ERRORMEM
r5.xlarge	FT	E	16	ERRORMEM
r5.xlarge	FT	E	32	32.3532
